--
-- PostgreSQL database dump
--

-- Dumped from database version 15.4 (Homebrew)
-- Dumped by pg_dump version 15.4 (Homebrew)

SET statement_timeout = 0;
SET lock_timeout = 0;
SET idle_in_transaction_session_timeout = 0;
SET client_encoding = 'UTF8';
SET standard_conforming_strings = on;
SELECT pg_catalog.set_config('search_path', '', false);
SET check_function_bodies = false;
SET xmloption = content;
SET client_min_messages = warning;
SET row_security = off;

--
-- Name: app; Type: SCHEMA; Schema: -; Owner: abemankavil
--

CREATE SCHEMA app;


ALTER SCHEMA app OWNER TO abemankavil;

SET default_tablespace = '';

SET default_table_access_method = heap;

--
-- Name: app_games; Type: TABLE; Schema: app; Owner: okcapplicant
--

CREATE TABLE app.app_games (
    id bigint NOT NULL,
    date date NOT NULL,
    "awayTeamID_id" bigint NOT NULL,
    "homeTeamID_id" bigint NOT NULL
);


ALTER TABLE app.app_games OWNER TO okcapplicant;

--
-- Name: app_games_id_seq; Type: SEQUENCE; Schema: app; Owner: okcapplicant
--

ALTER TABLE app.app_games ALTER COLUMN id ADD GENERATED BY DEFAULT AS IDENTITY (
    SEQUENCE NAME app.app_games_id_seq
    START WITH 1
    INCREMENT BY 1
    NO MINVALUE
    NO MAXVALUE
    CACHE 1
);


--
-- Name: app_playergames; Type: TABLE; Schema: app; Owner: okcapplicant
--

CREATE TABLE app.app_playergames (
    id integer NOT NULL,
    is_starter boolean NOT NULL,
    minutes integer NOT NULL,
    points integer NOT NULL,
    assists integer NOT NULL,
    "offensiveRebounds" integer NOT NULL,
    "defensiveRebounds" integer NOT NULL,
    steals integer NOT NULL,
    blocks integer NOT NULL,
    turnovers integer NOT NULL,
    "defensiveFouls" integer NOT NULL,
    "offensiveFouls" integer NOT NULL,
    "freeThrowsMade" integer NOT NULL,
    "freeThrowsAttempted" integer NOT NULL,
    "twoPointersMade" integer NOT NULL,
    "twoPointersAttempted" integer NOT NULL,
    "threePointersMade" integer NOT NULL,
    "threePointersAttempted" integer NOT NULL,
    shots jsonb NOT NULL,
    game_id_id bigint NOT NULL,
    player_id_id bigint NOT NULL
);


ALTER TABLE app.app_playergames OWNER TO okcapplicant;

--
-- Name: app_playergames_id_seq; Type: SEQUENCE; Schema: app; Owner: okcapplicant
--

ALTER TABLE app.app_playergames ALTER COLUMN id ADD GENERATED BY DEFAULT AS IDENTITY (
    SEQUENCE NAME app.app_playergames_id_seq
    START WITH 1
    INCREMENT BY 1
    NO MINVALUE
    NO MAXVALUE
    CACHE 1
);


--
-- Name: app_players; Type: TABLE; Schema: app; Owner: okcapplicant
--

CREATE TABLE app.app_players (
    id bigint NOT NULL,
    name character varying NOT NULL
);


ALTER TABLE app.app_players OWNER TO okcapplicant;

--
-- Name: app_players_id_seq; Type: SEQUENCE; Schema: app; Owner: okcapplicant
--

ALTER TABLE app.app_players ALTER COLUMN id ADD GENERATED BY DEFAULT AS IDENTITY (
    SEQUENCE NAME app.app_players_id_seq
    START WITH 1
    INCREMENT BY 1
    NO MINVALUE
    NO MAXVALUE
    CACHE 1
);


--
-- Name: app_teams; Type: TABLE; Schema: app; Owner: okcapplicant
--

CREATE TABLE app.app_teams (
    id bigint NOT NULL,
    name character varying NOT NULL
);


ALTER TABLE app.app_teams OWNER TO okcapplicant;

--
-- Name: app_teams_id_seq; Type: SEQUENCE; Schema: app; Owner: okcapplicant
--

ALTER TABLE app.app_teams ALTER COLUMN id ADD GENERATED BY DEFAULT AS IDENTITY (
    SEQUENCE NAME app.app_teams_id_seq
    START WITH 1
    INCREMENT BY 1
    NO MINVALUE
    NO MAXVALUE
    CACHE 1
);


--
-- Name: auth_group; Type: TABLE; Schema: app; Owner: okcapplicant
--

CREATE TABLE app.auth_group (
    id integer NOT NULL,
    name character varying(150) NOT NULL
);


ALTER TABLE app.auth_group OWNER TO okcapplicant;

--
-- Name: auth_group_id_seq; Type: SEQUENCE; Schema: app; Owner: okcapplicant
--

ALTER TABLE app.auth_group ALTER COLUMN id ADD GENERATED BY DEFAULT AS IDENTITY (
    SEQUENCE NAME app.auth_group_id_seq
    START WITH 1
    INCREMENT BY 1
    NO MINVALUE
    NO MAXVALUE
    CACHE 1
);


--
-- Name: auth_group_permissions; Type: TABLE; Schema: app; Owner: okcapplicant
--

CREATE TABLE app.auth_group_permissions (
    id integer NOT NULL,
    group_id integer NOT NULL,
    permission_id integer NOT NULL
);


ALTER TABLE app.auth_group_permissions OWNER TO okcapplicant;

--
-- Name: auth_group_permissions_id_seq; Type: SEQUENCE; Schema: app; Owner: okcapplicant
--

ALTER TABLE app.auth_group_permissions ALTER COLUMN id ADD GENERATED BY DEFAULT AS IDENTITY (
    SEQUENCE NAME app.auth_group_permissions_id_seq
    START WITH 1
    INCREMENT BY 1
    NO MINVALUE
    NO MAXVALUE
    CACHE 1
);


--
-- Name: auth_permission; Type: TABLE; Schema: app; Owner: okcapplicant
--

CREATE TABLE app.auth_permission (
    id integer NOT NULL,
    name character varying(255) NOT NULL,
    content_type_id integer NOT NULL,
    codename character varying(100) NOT NULL
);


ALTER TABLE app.auth_permission OWNER TO okcapplicant;

--
-- Name: auth_permission_id_seq; Type: SEQUENCE; Schema: app; Owner: okcapplicant
--

ALTER TABLE app.auth_permission ALTER COLUMN id ADD GENERATED BY DEFAULT AS IDENTITY (
    SEQUENCE NAME app.auth_permission_id_seq
    START WITH 1
    INCREMENT BY 1
    NO MINVALUE
    NO MAXVALUE
    CACHE 1
);


--
-- Name: auth_user; Type: TABLE; Schema: app; Owner: okcapplicant
--

CREATE TABLE app.auth_user (
    id integer NOT NULL,
    password character varying(128) NOT NULL,
    last_login timestamp with time zone,
    is_superuser boolean NOT NULL,
    username character varying(150) NOT NULL,
    first_name character varying(150) NOT NULL,
    last_name character varying(150) NOT NULL,
    email character varying(254) NOT NULL,
    is_staff boolean NOT NULL,
    is_active boolean NOT NULL,
    date_joined timestamp with time zone NOT NULL
);


ALTER TABLE app.auth_user OWNER TO okcapplicant;

--
-- Name: auth_user_groups; Type: TABLE; Schema: app; Owner: okcapplicant
--

CREATE TABLE app.auth_user_groups (
    id integer NOT NULL,
    user_id integer NOT NULL,
    group_id integer NOT NULL
);


ALTER TABLE app.auth_user_groups OWNER TO okcapplicant;

--
-- Name: auth_user_groups_id_seq; Type: SEQUENCE; Schema: app; Owner: okcapplicant
--

ALTER TABLE app.auth_user_groups ALTER COLUMN id ADD GENERATED BY DEFAULT AS IDENTITY (
    SEQUENCE NAME app.auth_user_groups_id_seq
    START WITH 1
    INCREMENT BY 1
    NO MINVALUE
    NO MAXVALUE
    CACHE 1
);


--
-- Name: auth_user_id_seq; Type: SEQUENCE; Schema: app; Owner: okcapplicant
--

ALTER TABLE app.auth_user ALTER COLUMN id ADD GENERATED BY DEFAULT AS IDENTITY (
    SEQUENCE NAME app.auth_user_id_seq
    START WITH 1
    INCREMENT BY 1
    NO MINVALUE
    NO MAXVALUE
    CACHE 1
);


--
-- Name: auth_user_user_permissions; Type: TABLE; Schema: app; Owner: okcapplicant
--

CREATE TABLE app.auth_user_user_permissions (
    id integer NOT NULL,
    user_id integer NOT NULL,
    permission_id integer NOT NULL
);


ALTER TABLE app.auth_user_user_permissions OWNER TO okcapplicant;

--
-- Name: auth_user_user_permissions_id_seq; Type: SEQUENCE; Schema: app; Owner: okcapplicant
--

ALTER TABLE app.auth_user_user_permissions ALTER COLUMN id ADD GENERATED BY DEFAULT AS IDENTITY (
    SEQUENCE NAME app.auth_user_user_permissions_id_seq
    START WITH 1
    INCREMENT BY 1
    NO MINVALUE
    NO MAXVALUE
    CACHE 1
);


--
-- Name: django_admin_log; Type: TABLE; Schema: app; Owner: okcapplicant
--

CREATE TABLE app.django_admin_log (
    id integer NOT NULL,
    action_time timestamp with time zone NOT NULL,
    object_id text,
    object_repr character varying(200) NOT NULL,
    action_flag smallint NOT NULL,
    change_message text NOT NULL,
    content_type_id integer,
    user_id integer NOT NULL,
    CONSTRAINT django_admin_log_action_flag_check CHECK ((action_flag >= 0))
);


ALTER TABLE app.django_admin_log OWNER TO okcapplicant;

--
-- Name: django_admin_log_id_seq; Type: SEQUENCE; Schema: app; Owner: okcapplicant
--

ALTER TABLE app.django_admin_log ALTER COLUMN id ADD GENERATED BY DEFAULT AS IDENTITY (
    SEQUENCE NAME app.django_admin_log_id_seq
    START WITH 1
    INCREMENT BY 1
    NO MINVALUE
    NO MAXVALUE
    CACHE 1
);


--
-- Name: django_content_type; Type: TABLE; Schema: app; Owner: okcapplicant
--

CREATE TABLE app.django_content_type (
    id integer NOT NULL,
    app_label character varying(100) NOT NULL,
    model character varying(100) NOT NULL
);


ALTER TABLE app.django_content_type OWNER TO okcapplicant;

--
-- Name: django_content_type_id_seq; Type: SEQUENCE; Schema: app; Owner: okcapplicant
--

ALTER TABLE app.django_content_type ALTER COLUMN id ADD GENERATED BY DEFAULT AS IDENTITY (
    SEQUENCE NAME app.django_content_type_id_seq
    START WITH 1
    INCREMENT BY 1
    NO MINVALUE
    NO MAXVALUE
    CACHE 1
);


--
-- Name: django_migrations; Type: TABLE; Schema: app; Owner: okcapplicant
--

CREATE TABLE app.django_migrations (
    id integer NOT NULL,
    app character varying(255) NOT NULL,
    name character varying(255) NOT NULL,
    applied timestamp with time zone NOT NULL
);


ALTER TABLE app.django_migrations OWNER TO okcapplicant;

--
-- Name: django_migrations_id_seq; Type: SEQUENCE; Schema: app; Owner: okcapplicant
--

ALTER TABLE app.django_migrations ALTER COLUMN id ADD GENERATED BY DEFAULT AS IDENTITY (
    SEQUENCE NAME app.django_migrations_id_seq
    START WITH 1
    INCREMENT BY 1
    NO MINVALUE
    NO MAXVALUE
    CACHE 1
);


--
-- Name: django_session; Type: TABLE; Schema: app; Owner: okcapplicant
--

CREATE TABLE app.django_session (
    session_key character varying(40) NOT NULL,
    session_data text NOT NULL,
    expire_date timestamp with time zone NOT NULL
);


ALTER TABLE app.django_session OWNER TO okcapplicant;

--
-- Data for Name: app_games; Type: TABLE DATA; Schema: app; Owner: okcapplicant
--

COPY app.app_games (id, date, "awayTeamID_id", "homeTeamID_id") FROM stdin;
1	2022-12-19	2	1
2	2022-12-21	2	1
3	2023-02-10	1	2
4	2023-03-26	1	2
\.


--
-- Data for Name: app_playergames; Type: TABLE DATA; Schema: app; Owner: okcapplicant
--

COPY app.app_playergames (id, is_starter, minutes, points, assists, "offensiveRebounds", "defensiveRebounds", steals, blocks, turnovers, "defensiveFouls", "offensiveFouls", "freeThrowsMade", "freeThrowsAttempted", "twoPointersMade", "twoPointersAttempted", "threePointersMade", "threePointersAttempted", shots, game_id_id, player_id_id) FROM stdin;
1	f	16	12	1	0	3	0	1	0	1	0	0	0	0	0	4	5	"[\\n   {\\n      \\"isMake\\": true,\\n      \\"locationX\\": 0.2,\\n      \\"locationY\\": 25.1\\n   },\\n   {\\n      \\"isMake\\": true,\\n      \\"locationX\\": -7.7,\\n      \\"locationY\\": 26.1\\n   },\\n   {\\n      \\"isMake\\": false,\\n      \\"locationX\\": 15.8,\\n      \\"locationY\\": 24.5\\n   },\\n   {\\n      \\"isMake\\": true,\\n      \\"locationX\\": -7.8,\\n      \\"locationY\\": 23.5\\n   },\\n   {\\n      \\"isMake\\": true,\\n      \\"locationX\\": 16.3,\\n      \\"locationY\\": 23.8\\n   }\\n]"	1	17
2	t	35	35	6	0	2	1	2	2	2	0	14	14	9	23	1	1	"[\\n   {\\n      \\"isMake\\": false,\\n      \\"locationX\\": -0.2,\\n      \\"locationY\\": -0.9\\n   },\\n   {\\n      \\"isMake\\": false,\\n      \\"locationX\\": -0.6,\\n      \\"locationY\\": 0.5\\n   },\\n   {\\n      \\"isMake\\": true,\\n      \\"locationX\\": -14.3,\\n      \\"locationY\\": 0.4\\n   },\\n   {\\n      \\"isMake\\": false,\\n      \\"locationX\\": -5.9,\\n      \\"locationY\\": 13.8\\n   },\\n   {\\n      \\"isMake\\": false,\\n      \\"locationX\\": -10.0,\\n      \\"locationY\\": 11.7\\n   },\\n   {\\n      \\"isMake\\": true,\\n      \\"locationX\\": -7.0,\\n      \\"locationY\\": 13.8\\n   },\\n   {\\n      \\"isMake\\": true,\\n      \\"locationX\\": -6.2,\\n      \\"locationY\\": 5.9\\n   },\\n   {\\n      \\"isMake\\": false,\\n      \\"locationX\\": 0.9,\\n      \\"locationY\\": 2.0\\n   },\\n   {\\n      \\"isMake\\": false,\\n      \\"locationX\\": -2.0,\\n      \\"locationY\\": 1.1\\n   },\\n   {\\n      \\"isMake\\": true,\\n      \\"locationX\\": 0.7,\\n      \\"locationY\\": 12.7\\n   },\\n   {\\n      \\"isMake\\": true,\\n      \\"locationX\\": -18.1,\\n      \\"locationY\\": 18.0\\n   },\\n   {\\n      \\"isMake\\": false,\\n      \\"locationX\\": -1.3,\\n      \\"locationY\\": 0.8\\n   },\\n   {\\n      \\"isMake\\": false,\\n      \\"locationX\\": -6.6,\\n      \\"locationY\\": 2.0\\n   },\\n   {\\n      \\"isMake\\": true,\\n      \\"locationX\\": 1.2,\\n      \\"locationY\\": 10.3\\n   },\\n   {\\n      \\"isMake\\": true,\\n      \\"locationX\\": -1.0,\\n      \\"locationY\\": 13.6\\n   },\\n   {\\n      \\"isMake\\": true,\\n      \\"locationX\\": 0.1,\\n      \\"locationY\\": 2.2\\n   },\\n   {\\n      \\"isMake\\": false,\\n      \\"locationX\\": 0.2,\\n      \\"locationY\\": 0.8\\n   },\\n   {\\n      \\"isMake\\": false,\\n      \\"locationX\\": -6.2,\\n      \\"locationY\\": 13.0\\n   },\\n   {\\n      \\"isMake\\": false,\\n      \\"locationX\\": -14.1,\\n      \\"locationY\\": 10.3\\n   },\\n   {\\n      \\"isMake\\": false,\\n      \\"locationX\\": -6.5,\\n      \\"locationY\\": 13.8\\n   },\\n   {\\n      \\"isMake\\": true,\\n      \\"locationX\\": 0.1,\\n      \\"locationY\\": 2.4\\n   },\\n   {\\n      \\"isMake\\": true,\\n      \\"locationX\\": 1.0,\\n      \\"locationY\\": -0.3\\n   },\\n   {\\n      \\"isMake\\": false,\\n      \\"locationX\\": 8.7,\\n      \\"locationY\\": 14.0\\n   },\\n   {\\n      \\"isMake\\": false,\\n      \\"locationX\\": 7.1,\\n      \\"locationY\\": 4.0\\n   }\\n]"	1	18
3	f	28	12	2	1	3	2	0	2	2	1	0	0	3	4	2	3	"[\\n   {\\n      \\"isMake\\": false,\\n      \\"locationX\\": -14.3,\\n      \\"locationY\\": 25.3\\n   },\\n   {\\n      \\"isMake\\": true,\\n      \\"locationX\\": 0.0,\\n      \\"locationY\\": 0.0\\n   },\\n   {\\n      \\"isMake\\": true,\\n      \\"locationX\\": 0.4,\\n      \\"locationY\\": 4.7\\n   },\\n   {\\n      \\"isMake\\": true,\\n      \\"locationX\\": 13.5,\\n      \\"locationY\\": 22.5\\n   },\\n   {\\n      \\"isMake\\": false,\\n      \\"locationX\\": 0.6,\\n      \\"locationY\\": 0.4\\n   },\\n   {\\n      \\"isMake\\": true,\\n      \\"locationX\\": 6.9,\\n      \\"locationY\\": 13.5\\n   },\\n   {\\n      \\"isMake\\": true,\\n      \\"locationX\\": 23.2,\\n      \\"locationY\\": 0.8\\n   }\\n]"	1	19
4	t	31	13	0	2	1	1	0	2	4	1	7	8	3	6	0	2	"[\\n   {\\n      \\"isMake\\": false,\\n      \\"locationX\\": 1.8,\\n      \\"locationY\\": 24.6\\n   },\\n   {\\n      \\"isMake\\": true,\\n      \\"locationX\\": -1.0,\\n      \\"locationY\\": 0.2\\n   },\\n   {\\n      \\"isMake\\": true,\\n      \\"locationX\\": 0.7,\\n      \\"locationY\\": -0.7\\n   },\\n   {\\n      \\"isMake\\": false,\\n      \\"locationX\\": -2.7,\\n      \\"locationY\\": 1.1\\n   },\\n   {\\n      \\"isMake\\": true,\\n      \\"locationX\\": 0.6,\\n      \\"locationY\\": 5.4\\n   },\\n   {\\n      \\"isMake\\": false,\\n      \\"locationX\\": 23.5,\\n      \\"locationY\\": 9.7\\n   },\\n   {\\n      \\"isMake\\": false,\\n      \\"locationX\\": 3.4,\\n      \\"locationY\\": 0.9\\n   },\\n   {\\n      \\"isMake\\": false,\\n      \\"locationX\\": 0.0,\\n      \\"locationY\\": -0.9\\n   }\\n]"	1	20
5	t	23	8	3	3	3	0	1	2	2	0	2	4	3	5	0	4	"[\\n   {\\n      \\"isMake\\": true,\\n      \\"locationX\\": -1.6,\\n      \\"locationY\\": 0.7\\n   },\\n   {\\n      \\"isMake\\": false,\\n      \\"locationX\\": 13.5,\\n      \\"locationY\\": 25.0\\n   },\\n   {\\n      \\"isMake\\": true,\\n      \\"locationX\\": 0.1,\\n      \\"locationY\\": 1.2\\n   },\\n   {\\n      \\"isMake\\": true,\\n      \\"locationX\\": 0.0,\\n      \\"locationY\\": 0.0\\n   },\\n   {\\n      \\"isMake\\": false,\\n      \\"locationX\\": 0.0,\\n      \\"locationY\\": 0.0\\n   },\\n   {\\n      \\"isMake\\": false,\\n      \\"locationX\\": -23.0,\\n      \\"locationY\\": -1.0\\n   },\\n   {\\n      \\"isMake\\": false,\\n      \\"locationX\\": -23.3,\\n      \\"locationY\\": 4.6\\n   },\\n   {\\n      \\"isMake\\": false,\\n      \\"locationX\\": 4.0,\\n      \\"locationY\\": 1.8\\n   },\\n   {\\n      \\"isMake\\": false,\\n      \\"locationX\\": -11.9,\\n      \\"locationY\\": 22.0\\n   }\\n]"	1	21
6	f	23	11	1	0	3	1	0	0	1	0	0	0	1	1	3	6	"[\\n   {\\n      \\"isMake\\": false,\\n      \\"locationX\\": -18.3,\\n      \\"locationY\\": 20.0\\n   },\\n   {\\n      \\"isMake\\": true,\\n      \\"locationX\\": -22.8,\\n      \\"locationY\\": -1.2\\n   },\\n   {\\n      \\"isMake\\": false,\\n      \\"locationX\\": 14.5,\\n      \\"locationY\\": 21.0\\n   },\\n   {\\n      \\"isMake\\": false,\\n      \\"locationX\\": -14.1,\\n      \\"locationY\\": 21.0\\n   },\\n   {\\n      \\"isMake\\": true,\\n      \\"locationX\\": -20.5,\\n      \\"locationY\\": 17.0\\n   },\\n   {\\n      \\"isMake\\": true,\\n      \\"locationX\\": -0.7,\\n      \\"locationY\\": 0.3\\n   },\\n   {\\n      \\"isMake\\": true,\\n      \\"locationX\\": 1.6,\\n      \\"locationY\\": 24.6\\n   }\\n]"	1	22
7	f	10	1	1	0	1	0	0	0	1	0	1	1	0	0	0	3	"[\\n   {\\n      \\"isMake\\": false,\\n      \\"locationX\\": -22.8,\\n      \\"locationY\\": -1.7\\n   },\\n   {\\n      \\"isMake\\": false,\\n      \\"locationX\\": 22.7,\\n      \\"locationY\\": 3.3\\n   },\\n   {\\n      \\"isMake\\": false,\\n      \\"locationX\\": 16.7,\\n      \\"locationY\\": 24.3\\n   }\\n]"	1	23
8	t	25	12	1	2	2	1	0	0	2	0	4	4	4	6	0	3	"[\\n   {\\n      \\"isMake\\": true,\\n      \\"locationX\\": 0.0,\\n      \\"locationY\\": 1.9\\n   },\\n   {\\n      \\"isMake\\": true,\\n      \\"locationX\\": 1.5,\\n      \\"locationY\\": 0.9\\n   },\\n   {\\n      \\"isMake\\": false,\\n      \\"locationX\\": -22.9,\\n      \\"locationY\\": -1.6\\n   },\\n   {\\n      \\"isMake\\": true,\\n      \\"locationX\\": -1.6,\\n      \\"locationY\\": 0.8\\n   },\\n   {\\n      \\"isMake\\": false,\\n      \\"locationX\\": -1.3,\\n      \\"locationY\\": 3.3\\n   },\\n   {\\n      \\"isMake\\": false,\\n      \\"locationX\\": -22.5,\\n      \\"locationY\\": 12.0\\n   },\\n   {\\n      \\"isMake\\": false,\\n      \\"locationX\\": 23.3,\\n      \\"locationY\\": 1.4\\n   },\\n   {\\n      \\"isMake\\": true,\\n      \\"locationX\\": 1.5,\\n      \\"locationY\\": -0.7\\n   },\\n   {\\n      \\"isMake\\": false,\\n      \\"locationX\\": -7.0,\\n      \\"locationY\\": 0.9\\n   }\\n]"	1	27
9	f	12	6	1	1	5	0	0	1	2	0	2	3	2	2	0	2	"[\\n   {\\n      \\"isMake\\": false,\\n      \\"locationX\\": -22.5,\\n      \\"locationY\\": 3.2\\n   },\\n   {\\n      \\"isMake\\": false,\\n      \\"locationX\\": 18.5,\\n      \\"locationY\\": 19.2\\n   },\\n   {\\n      \\"isMake\\": true,\\n      \\"locationX\\": 1.5,\\n      \\"locationY\\": -0.3\\n   },\\n   {\\n      \\"isMake\\": true,\\n      \\"locationX\\": -0.6,\\n      \\"locationY\\": 2.5\\n   }\\n]"	1	28
10	t	33	13	4	2	5	1	1	1	2	0	2	3	4	10	1	2	"[\\n   {\\n      \\"isMake\\": true,\\n      \\"locationX\\": 0.5,\\n      \\"locationY\\": 1.4\\n   },\\n   {\\n      \\"isMake\\": false,\\n      \\"locationX\\": -0.9,\\n      \\"locationY\\": 0.9\\n   },\\n   {\\n      \\"isMake\\": false,\\n      \\"locationX\\": -6.7,\\n      \\"locationY\\": 14.7\\n   },\\n   {\\n      \\"isMake\\": false,\\n      \\"locationX\\": -1.6,\\n      \\"locationY\\": 5.6\\n   },\\n   {\\n      \\"isMake\\": false,\\n      \\"locationX\\": 8.1,\\n      \\"locationY\\": 20.9\\n   },\\n   {\\n      \\"isMake\\": true,\\n      \\"locationX\\": 0.0,\\n      \\"locationY\\": 0.0\\n   },\\n   {\\n      \\"isMake\\": false,\\n      \\"locationX\\": 0.0,\\n      \\"locationY\\": 0.0\\n   },\\n   {\\n      \\"isMake\\": true,\\n      \\"locationX\\": 1.0,\\n      \\"locationY\\": 1.9\\n   },\\n   {\\n      \\"isMake\\": false,\\n      \\"locationX\\": -18.9,\\n      \\"locationY\\": 16.6\\n   },\\n   {\\n      \\"isMake\\": true,\\n      \\"locationX\\": 0.0,\\n      \\"locationY\\": 0.0\\n   },\\n   {\\n      \\"isMake\\": false,\\n      \\"locationX\\": -1.6,\\n      \\"locationY\\": 0.8\\n   },\\n   {\\n      \\"isMake\\": true,\\n      \\"locationX\\": 7.7,\\n      \\"locationY\\": 23.8\\n   }\\n]"	1	29
11	f	10	6	0	1	2	0	0	0	0	0	2	2	2	3	0	1	"[\\n   {\\n      \\"isMake\\": false,\\n      \\"locationX\\": 21.7,\\n      \\"locationY\\": 14.1\\n   },\\n   {\\n      \\"isMake\\": true,\\n      \\"locationX\\": 0.0,\\n      \\"locationY\\": 0.0\\n   },\\n   {\\n      \\"isMake\\": false,\\n      \\"locationX\\": 0.5,\\n      \\"locationY\\": 1.2\\n   },\\n   {\\n      \\"isMake\\": true,\\n      \\"locationX\\": -13.6,\\n      \\"locationY\\": 12.5\\n   }\\n]"	1	15
20	f	17	6	1	0	2	1	0	0	2	0	0	0	0	1	2	4	"[\\n   {\\n      \\"isMake\\": false,\\n      \\"locationX\\": -17.0,\\n      \\"locationY\\": 22.0\\n   },\\n   {\\n      \\"isMake\\": false,\\n      \\"locationX\\": 2.2,\\n      \\"locationY\\": 1.5\\n   },\\n   {\\n      \\"isMake\\": false,\\n      \\"locationX\\": -17.0,\\n      \\"locationY\\": 22.4\\n   },\\n   {\\n      \\"isMake\\": true,\\n      \\"locationX\\": -8.1,\\n      \\"locationY\\": 26.0\\n   },\\n   {\\n      \\"isMake\\": true,\\n      \\"locationX\\": -8.5,\\n      \\"locationY\\": 25.5\\n   }\\n]"	2	22
21	f	6	3	1	1	0	0	0	0	0	0	0	0	0	0	1	1	"[\\n   {\\n      \\"isMake\\": true,\\n      \\"locationX\\": 21.0,\\n      \\"locationY\\": 13.1\\n   }\\n]"	2	23
12	t	38	28	6	0	3	1	0	4	4	0	4	4	3	5	6	12	"[\\n   {\\n      \\"isMake\\": true,\\n      \\"locationX\\": -22.4,\\n      \\"locationY\\": 11.5\\n   },\\n   {\\n      \\"isMake\\": true,\\n      \\"locationX\\": 1.0,\\n      \\"locationY\\": -0.8\\n   },\\n   {\\n      \\"isMake\\": true,\\n      \\"locationX\\": 0.5,\\n      \\"locationY\\": 1.3\\n   },\\n   {\\n      \\"isMake\\": false,\\n      \\"locationX\\": -23.0,\\n      \\"locationY\\": 12.5\\n   },\\n   {\\n      \\"isMake\\": true,\\n      \\"locationX\\": 0.7,\\n      \\"locationY\\": -0.1\\n   },\\n   {\\n      \\"isMake\\": false,\\n      \\"locationX\\": -20.8,\\n      \\"locationY\\": 15.0\\n   },\\n   {\\n      \\"isMake\\": false,\\n      \\"locationX\\": 6.1,\\n      \\"locationY\\": 7.6\\n   },\\n   {\\n      \\"isMake\\": false,\\n      \\"locationX\\": -15.9,\\n      \\"locationY\\": 23.5\\n   },\\n   {\\n      \\"isMake\\": false,\\n      \\"locationX\\": 14.7,\\n      \\"locationY\\": 20.5\\n   },\\n   {\\n      \\"isMake\\": true,\\n      \\"locationX\\": 16.1,\\n      \\"locationY\\": 33.9\\n   },\\n   {\\n      \\"isMake\\": true,\\n      \\"locationX\\": -21.2,\\n      \\"locationY\\": 12.3\\n   },\\n   {\\n      \\"isMake\\": false,\\n      \\"locationX\\": -19.0,\\n      \\"locationY\\": 25.0\\n   },\\n   {\\n      \\"isMake\\": true,\\n      \\"locationX\\": -16.8,\\n      \\"locationY\\": 22.2\\n   },\\n   {\\n      \\"isMake\\": true,\\n      \\"locationX\\": 15.2,\\n      \\"locationY\\": 20.5\\n   },\\n   {\\n      \\"isMake\\": true,\\n      \\"locationX\\": -23.3,\\n      \\"locationY\\": 2.4\\n   },\\n   {\\n      \\"isMake\\": false,\\n      \\"locationX\\": 0.9,\\n      \\"locationY\\": 0.8\\n   },\\n   {\\n      \\"isMake\\": false,\\n      \\"locationX\\": -15.9,\\n      \\"locationY\\": 25.8\\n   }\\n]"	1	1
13	t	41	26	3	3	5	2	0	4	0	2	5	7	9	13	1	5	"[\\n   {\\n      \\"isMake\\": false,\\n      \\"locationX\\": 22.2,\\n      \\"locationY\\": 12.1\\n   },\\n   {\\n      \\"isMake\\": false,\\n      \\"locationX\\": 18.0,\\n      \\"locationY\\": 1.0\\n   },\\n   {\\n      \\"isMake\\": false,\\n      \\"locationX\\": 13.5,\\n      \\"locationY\\": 24.3\\n   },\\n   {\\n      \\"isMake\\": true,\\n      \\"locationX\\": 23.0,\\n      \\"locationY\\": 4.4\\n   },\\n   {\\n      \\"isMake\\": true,\\n      \\"locationX\\": -0.6,\\n      \\"locationY\\": -0.2\\n   },\\n   {\\n      \\"isMake\\": true,\\n      \\"locationX\\": -0.1,\\n      \\"locationY\\": 0.8\\n   },\\n   {\\n      \\"isMake\\": true,\\n      \\"locationX\\": 0.7,\\n      \\"locationY\\": -0.6\\n   },\\n   {\\n      \\"isMake\\": true,\\n      \\"locationX\\": 7.0,\\n      \\"locationY\\": 16.0\\n   },\\n   {\\n      \\"isMake\\": true,\\n      \\"locationX\\": 1.0,\\n      \\"locationY\\": -0.2\\n   },\\n   {\\n      \\"isMake\\": false,\\n      \\"locationX\\": 2.1,\\n      \\"locationY\\": 0.3\\n   },\\n   {\\n      \\"isMake\\": true,\\n      \\"locationX\\": -0.1,\\n      \\"locationY\\": 2.7\\n   },\\n   {\\n      \\"isMake\\": false,\\n      \\"locationX\\": -0.6,\\n      \\"locationY\\": 2.6\\n   },\\n   {\\n      \\"isMake\\": true,\\n      \\"locationX\\": -0.4,\\n      \\"locationY\\": 1.1\\n   },\\n   {\\n      \\"isMake\\": false,\\n      \\"locationX\\": -3.8,\\n      \\"locationY\\": 20.6\\n   },\\n   {\\n      \\"isMake\\": false,\\n      \\"locationX\\": -23.0,\\n      \\"locationY\\": 1.6\\n   },\\n   {\\n      \\"isMake\\": true,\\n      \\"locationX\\": 0.2,\\n      \\"locationY\\": 1.5\\n   },\\n   {\\n      \\"isMake\\": true,\\n      \\"locationX\\": 0.4,\\n      \\"locationY\\": 1.4\\n   },\\n   {\\n      \\"isMake\\": false,\\n      \\"locationX\\": 22.5,\\n      \\"locationY\\": 0.5\\n   }\\n]"	1	2
14	f	22	8	2	4	2	1	0	2	4	1	0	0	4	6	0	1	"[\\n   {\\n      \\"isMake\\": false,\\n      \\"locationX\\": 1.0,\\n      \\"locationY\\": -0.3\\n   },\\n   {\\n      \\"isMake\\": true,\\n      \\"locationX\\": 0.0,\\n      \\"locationY\\": 0.0\\n   },\\n   {\\n      \\"isMake\\": true,\\n      \\"locationX\\": 0.0,\\n      \\"locationY\\": 0.0\\n   },\\n   {\\n      \\"isMake\\": false,\\n      \\"locationX\\": 23.9,\\n      \\"locationY\\": 9.9\\n   },\\n   {\\n      \\"isMake\\": false,\\n      \\"locationX\\": 2.7,\\n      \\"locationY\\": 0.9\\n   },\\n   {\\n      \\"isMake\\": true,\\n      \\"locationX\\": -0.9,\\n      \\"locationY\\": 1.1\\n   },\\n   {\\n      \\"isMake\\": true,\\n      \\"locationX\\": -1.2,\\n      \\"locationY\\": 2.2\\n   }\\n]"	1	4
15	t	32	13	6	2	6	0	0	0	2	0	4	4	3	6	1	2	"[\\n   {\\n      \\"isMake\\": false,\\n      \\"locationX\\": 6.2,\\n      \\"locationY\\": 7.2\\n   },\\n   {\\n      \\"isMake\\": false,\\n      \\"locationX\\": 22.3,\\n      \\"locationY\\": 4.4\\n   },\\n   {\\n      \\"isMake\\": true,\\n      \\"locationX\\": 6.2,\\n      \\"locationY\\": 8.2\\n   },\\n   {\\n      \\"isMake\\": true,\\n      \\"locationX\\": -13.1,\\n      \\"locationY\\": 24.8\\n   },\\n   {\\n      \\"isMake\\": false,\\n      \\"locationX\\": -0.1,\\n      \\"locationY\\": 2.7\\n   },\\n   {\\n      \\"isMake\\": true,\\n      \\"locationX\\": 1.2,\\n      \\"locationY\\": 1.5\\n   },\\n   {\\n      \\"isMake\\": true,\\n      \\"locationX\\": 1.6,\\n      \\"locationY\\": 2.2\\n   },\\n   {\\n      \\"isMake\\": false,\\n      \\"locationX\\": 1.1,\\n      \\"locationY\\": 1.9\\n   }\\n]"	1	6
16	t	34	19	1	0	4	1	0	2	5	0	0	0	2	6	5	10	"[\\n   {\\n      \\"isMake\\": false,\\n      \\"locationX\\": -1.8,\\n      \\"locationY\\": 26.0\\n   },\\n   {\\n      \\"isMake\\": true,\\n      \\"locationX\\": -6.0,\\n      \\"locationY\\": 9.2\\n   },\\n   {\\n      \\"isMake\\": false,\\n      \\"locationX\\": -16.8,\\n      \\"locationY\\": 19.6\\n   },\\n   {\\n      \\"isMake\\": false,\\n      \\"locationX\\": -19.6,\\n      \\"locationY\\": 16.4\\n   },\\n   {\\n      \\"isMake\\": true,\\n      \\"locationX\\": 16.4,\\n      \\"locationY\\": 22.8\\n   },\\n   {\\n      \\"isMake\\": true,\\n      \\"locationX\\": -16.5,\\n      \\"locationY\\": 20.7\\n   },\\n   {\\n      \\"isMake\\": false,\\n      \\"locationX\\": -15.6,\\n      \\"locationY\\": 21.9\\n   },\\n   {\\n      \\"isMake\\": true,\\n      \\"locationX\\": -16.5,\\n      \\"locationY\\": 19.0\\n   },\\n   {\\n      \\"isMake\\": true,\\n      \\"locationX\\": 6.2,\\n      \\"locationY\\": 6.0\\n   },\\n   {\\n      \\"isMake\\": true,\\n      \\"locationX\\": -18.1,\\n      \\"locationY\\": 17.6\\n   },\\n   {\\n      \\"isMake\\": false,\\n      \\"locationX\\": -21.6,\\n      \\"locationY\\": 14.1\\n   },\\n   {\\n      \\"isMake\\": false,\\n      \\"locationX\\": 6.1,\\n      \\"locationY\\": 10.5\\n   },\\n   {\\n      \\"isMake\\": false,\\n      \\"locationX\\": -10.8,\\n      \\"locationY\\": 12.2\\n   },\\n   {\\n      \\"isMake\\": false,\\n      \\"locationX\\": 6.7,\\n      \\"locationY\\": 13.5\\n   },\\n   {\\n      \\"isMake\\": true,\\n      \\"locationX\\": 21.6,\\n      \\"locationY\\": 14.5\\n   },\\n   {\\n      \\"isMake\\": false,\\n      \\"locationX\\": -0.2,\\n      \\"locationY\\": 2.7\\n   }\\n]"	1	8
17	t	31	9	3	2	5	0	2	0	4	0	1	2	4	4	0	0	"[\\n   {\\n      \\"isMake\\": true,\\n      \\"locationX\\": 0.0,\\n      \\"locationY\\": 1.2\\n   },\\n   {\\n      \\"isMake\\": true,\\n      \\"locationX\\": 0.0,\\n      \\"locationY\\": 0.0\\n   },\\n   {\\n      \\"isMake\\": true,\\n      \\"locationX\\": -0.5,\\n      \\"locationY\\": 1.9\\n   },\\n   {\\n      \\"isMake\\": true,\\n      \\"locationX\\": -6.2,\\n      \\"locationY\\": 2.0\\n   }\\n]"	1	9
18	f	13	9	1	2	2	0	0	0	1	0	0	0	0	6	3	5	"[\\n   {\\n      \\"isMake\\": false,\\n      \\"locationX\\": 23.2,\\n      \\"locationY\\": 0.9\\n   },\\n   {\\n      \\"isMake\\": true,\\n      \\"locationX\\": 23.2,\\n      \\"locationY\\": 2.0\\n   },\\n   {\\n      \\"isMake\\": false,\\n      \\"locationX\\": 6.9,\\n      \\"locationY\\": 5.9\\n   },\\n   {\\n      \\"isMake\\": true,\\n      \\"locationX\\": 23.0,\\n      \\"locationY\\": 2.8\\n   },\\n   {\\n      \\"isMake\\": true,\\n      \\"locationX\\": -22.8,\\n      \\"locationY\\": -1.2\\n   },\\n   {\\n      \\"isMake\\": false,\\n      \\"locationX\\": 0.0,\\n      \\"locationY\\": 0.0\\n   },\\n   {\\n      \\"isMake\\": false,\\n      \\"locationX\\": 0.0,\\n      \\"locationY\\": 5.1\\n   },\\n   {\\n      \\"isMake\\": false,\\n      \\"locationX\\": 17.3,\\n      \\"locationY\\": 18.4\\n   },\\n   {\\n      \\"isMake\\": false,\\n      \\"locationX\\": 0.2,\\n      \\"locationY\\": 0.4\\n   },\\n   {\\n      \\"isMake\\": false,\\n      \\"locationX\\": -6.2,\\n      \\"locationY\\": 5.3\\n   },\\n   {\\n      \\"isMake\\": false,\\n      \\"locationX\\": -16.2,\\n      \\"locationY\\": -2.2\\n   }\\n]"	1	13
19	f	14	3	4	0	2	0	0	4	2	3	1	2	1	2	0	1	"[\\n   {\\n      \\"isMake\\": false,\\n      \\"locationX\\": 0.9,\\n      \\"locationY\\": 2.1\\n   },\\n   {\\n      \\"isMake\\": true,\\n      \\"locationX\\": 0.9,\\n      \\"locationY\\": 5.0\\n   },\\n   {\\n      \\"isMake\\": false,\\n      \\"locationX\\": -0.4,\\n      \\"locationY\\": 25.5\\n   }\\n]"	1	14
22	t	30	13	6	2	4	1	0	3	0	0	1	2	6	8	0	0	"[\\n   {\\n      \\"isMake\\": false,\\n      \\"locationX\\": -2.8,\\n      \\"locationY\\": 11.9\\n   },\\n   {\\n      \\"isMake\\": true,\\n      \\"locationX\\": -6.1,\\n      \\"locationY\\": 4.3\\n   },\\n   {\\n      \\"isMake\\": true,\\n      \\"locationX\\": -0.6,\\n      \\"locationY\\": 6.2\\n   },\\n   {\\n      \\"isMake\\": false,\\n      \\"locationX\\": 3.6,\\n      \\"locationY\\": 5.0\\n   },\\n   {\\n      \\"isMake\\": true,\\n      \\"locationX\\": 1.0,\\n      \\"locationY\\": 6.0\\n   },\\n   {\\n      \\"isMake\\": true,\\n      \\"locationX\\": -6.9,\\n      \\"locationY\\": 1.3\\n   },\\n   {\\n      \\"isMake\\": true,\\n      \\"locationX\\": -1.3,\\n      \\"locationY\\": 0.9\\n   },\\n   {\\n      \\"isMake\\": true,\\n      \\"locationX\\": -2.1,\\n      \\"locationY\\": 0.7\\n   }\\n]"	2	26
23	f	9	0	0	1	2	0	0	1	0	1	0	0	0	4	0	0	"[\\n   {\\n      \\"isMake\\": false,\\n      \\"locationX\\": 4.5,\\n      \\"locationY\\": 0.8\\n   },\\n   {\\n      \\"isMake\\": false,\\n      \\"locationX\\": 4.5,\\n      \\"locationY\\": 11.0\\n   },\\n   {\\n      \\"isMake\\": false,\\n      \\"locationX\\": -6.0,\\n      \\"locationY\\": 0.3\\n   },\\n   {\\n      \\"isMake\\": false,\\n      \\"locationX\\": -3.2,\\n      \\"locationY\\": 0.2\\n   }\\n]"	2	27
24	t	30	15	1	0	4	0	0	3	2	0	4	4	4	5	1	3	"[\\n   {\\n      \\"isMake\\": false,\\n      \\"locationX\\": -23.9,\\n      \\"locationY\\": 0.9\\n   },\\n   {\\n      \\"isMake\\": true,\\n      \\"locationX\\": -1.3,\\n      \\"locationY\\": 2.0\\n   },\\n   {\\n      \\"isMake\\": true,\\n      \\"locationX\\": -2.3,\\n      \\"locationY\\": 1.5\\n   },\\n   {\\n      \\"isMake\\": false,\\n      \\"locationX\\": -4.2,\\n      \\"locationY\\": 2.4\\n   },\\n   {\\n      \\"isMake\\": true,\\n      \\"locationX\\": -3.8,\\n      \\"locationY\\": 5.8\\n   },\\n   {\\n      \\"isMake\\": true,\\n      \\"locationX\\": -19.5,\\n      \\"locationY\\": 17.6\\n   },\\n   {\\n      \\"isMake\\": true,\\n      \\"locationX\\": 3.6,\\n      \\"locationY\\": 3.3\\n   },\\n   {\\n      \\"isMake\\": false,\\n      \\"locationX\\": 16.1,\\n      \\"locationY\\": 20.3\\n   }\\n]"	2	29
25	f	20	6	0	0	1	0	1	0	5	0	0	0	0	2	2	3	"[\\n   {\\n      \\"isMake\\": false,\\n      \\"locationX\\": -17.6,\\n      \\"locationY\\": 0.1\\n   },\\n   {\\n      \\"isMake\\": true,\\n      \\"locationX\\": 5.6,\\n      \\"locationY\\": 25.8\\n   },\\n   {\\n      \\"isMake\\": false,\\n      \\"locationX\\": 23.7,\\n      \\"locationY\\": -0.4\\n   },\\n   {\\n      \\"isMake\\": false,\\n      \\"locationX\\": -18.4,\\n      \\"locationY\\": 12.0\\n   },\\n   {\\n      \\"isMake\\": true,\\n      \\"locationX\\": -22.5,\\n      \\"locationY\\": -3.3\\n   }\\n]"	2	17
26	t	35	27	3	0	6	2	1	5	1	2	11	13	8	16	0	3	"[\\n   {\\n      \\"isMake\\": false,\\n      \\"locationX\\": 4.8,\\n      \\"locationY\\": 27.1\\n   },\\n   {\\n      \\"isMake\\": true,\\n      \\"locationX\\": -1.8,\\n      \\"locationY\\": 2.6\\n   },\\n   {\\n      \\"isMake\\": false,\\n      \\"locationX\\": 3.9,\\n      \\"locationY\\": 9.3\\n   },\\n   {\\n      \\"isMake\\": false,\\n      \\"locationX\\": -5.5,\\n      \\"locationY\\": 4.3\\n   },\\n   {\\n      \\"isMake\\": false,\\n      \\"locationX\\": 3.4,\\n      \\"locationY\\": 7.1\\n   },\\n   {\\n      \\"isMake\\": false,\\n      \\"locationX\\": 5.8,\\n      \\"locationY\\": 7.5\\n   },\\n   {\\n      \\"isMake\\": false,\\n      \\"locationX\\": 3.4,\\n      \\"locationY\\": 2.0\\n   },\\n   {\\n      \\"isMake\\": true,\\n      \\"locationX\\": 0.1,\\n      \\"locationY\\": 6.1\\n   },\\n   {\\n      \\"isMake\\": false,\\n      \\"locationX\\": 2.7,\\n      \\"locationY\\": 3.6\\n   },\\n   {\\n      \\"isMake\\": true,\\n      \\"locationX\\": -3.7,\\n      \\"locationY\\": 16.8\\n   },\\n   {\\n      \\"isMake\\": false,\\n      \\"locationX\\": -4.3,\\n      \\"locationY\\": 1.1\\n   },\\n   {\\n      \\"isMake\\": false,\\n      \\"locationX\\": 2.0,\\n      \\"locationY\\": 3.1\\n   },\\n   {\\n      \\"isMake\\": true,\\n      \\"locationX\\": 7.5,\\n      \\"locationY\\": 12.3\\n   },\\n   {\\n      \\"isMake\\": true,\\n      \\"locationX\\": 1.8,\\n      \\"locationY\\": 0.9\\n   },\\n   {\\n      \\"isMake\\": true,\\n      \\"locationX\\": 15.3,\\n      \\"locationY\\": 0.5\\n   },\\n   {\\n      \\"isMake\\": false,\\n      \\"locationX\\": 6.0,\\n      \\"locationY\\": 26.1\\n   },\\n   {\\n      \\"isMake\\": true,\\n      \\"locationX\\": 2.7,\\n      \\"locationY\\": 2.4\\n   },\\n   {\\n      \\"isMake\\": false,\\n      \\"locationX\\": 14.5,\\n      \\"locationY\\": 25.9\\n   },\\n   {\\n      \\"isMake\\": true,\\n      \\"locationX\\": -2.8,\\n      \\"locationY\\": 1.0\\n   }\\n]"	2	18
27	f	26	9	2	4	3	2	0	1	0	0	1	2	4	6	0	1	"[\\n   {\\n      \\"isMake\\": true,\\n      \\"locationX\\": 0.0,\\n      \\"locationY\\": 0.0\\n   },\\n   {\\n      \\"isMake\\": true,\\n      \\"locationX\\": -2.5,\\n      \\"locationY\\": 12.5\\n   },\\n   {\\n      \\"isMake\\": true,\\n      \\"locationX\\": 2.0,\\n      \\"locationY\\": 1.1\\n   },\\n   {\\n      \\"isMake\\": false,\\n      \\"locationX\\": -4.7,\\n      \\"locationY\\": 11.3\\n   },\\n   {\\n      \\"isMake\\": true,\\n      \\"locationX\\": 0.0,\\n      \\"locationY\\": 0.0\\n   },\\n   {\\n      \\"isMake\\": false,\\n      \\"locationX\\": 22.5,\\n      \\"locationY\\": 12.3\\n   },\\n   {\\n      \\"isMake\\": false,\\n      \\"locationX\\": 0.6,\\n      \\"locationY\\": 7.3\\n   }\\n]"	2	19
28	t	38	14	3	0	3	1	1	3	2	0	2	2	3	5	2	6	"[\\n   {\\n      \\"isMake\\": true,\\n      \\"locationX\\": 1.8,\\n      \\"locationY\\": 0.6\\n   },\\n   {\\n      \\"isMake\\": false,\\n      \\"locationX\\": 19.9,\\n      \\"locationY\\": 15.9\\n   },\\n   {\\n      \\"isMake\\": false,\\n      \\"locationX\\": -16.5,\\n      \\"locationY\\": 22.5\\n   },\\n   {\\n      \\"isMake\\": false,\\n      \\"locationX\\": -5.1,\\n      \\"locationY\\": 4.5\\n   },\\n   {\\n      \\"isMake\\": true,\\n      \\"locationX\\": -22.9,\\n      \\"locationY\\": 2.5\\n   },\\n   {\\n      \\"isMake\\": false,\\n      \\"locationX\\": 20.6,\\n      \\"locationY\\": 14.0\\n   },\\n   {\\n      \\"isMake\\": false,\\n      \\"locationX\\": -1.5,\\n      \\"locationY\\": 2.4\\n   },\\n   {\\n      \\"isMake\\": true,\\n      \\"locationX\\": 0.0,\\n      \\"locationY\\": 1.8\\n   },\\n   {\\n      \\"isMake\\": true,\\n      \\"locationX\\": 14.2,\\n      \\"locationY\\": 23.3\\n   },\\n   {\\n      \\"isMake\\": false,\\n      \\"locationX\\": 9.3,\\n      \\"locationY\\": 28.2\\n   },\\n   {\\n      \\"isMake\\": true,\\n      \\"locationX\\": -4.0,\\n      \\"locationY\\": 2.9\\n   }\\n]"	2	20
29	t	19	6	2	1	2	2	0	1	1	0	2	2	2	5	0	2	"[\\n   {\\n      \\"isMake\\": false,\\n      \\"locationX\\": 2.9,\\n      \\"locationY\\": 14.3\\n   },\\n   {\\n      \\"isMake\\": false,\\n      \\"locationX\\": 23.4,\\n      \\"locationY\\": -1.6\\n   },\\n   {\\n      \\"isMake\\": true,\\n      \\"locationX\\": 0.0,\\n      \\"locationY\\": 0.0\\n   },\\n   {\\n      \\"isMake\\": false,\\n      \\"locationX\\": 4.7,\\n      \\"locationY\\": 2.9\\n   },\\n   {\\n      \\"isMake\\": false,\\n      \\"locationX\\": 22.4,\\n      \\"locationY\\": -0.4\\n   },\\n   {\\n      \\"isMake\\": false,\\n      \\"locationX\\": -2.0,\\n      \\"locationY\\": 1.2\\n   },\\n   {\\n      \\"isMake\\": true,\\n      \\"locationX\\": 3.1,\\n      \\"locationY\\": 3.3\\n   }\\n]"	2	21
30	f	3	2	0	0	1	0	0	1	0	0	0	0	1	1	0	1	"[\\n   {\\n      \\"isMake\\": true,\\n      \\"locationX\\": -0.9,\\n      \\"locationY\\": 0.3\\n   },\\n   {\\n      \\"isMake\\": false,\\n      \\"locationX\\": 15.4,\\n      \\"locationY\\": 21.0\\n   }\\n]"	2	28
31	f	18	8	1	2	5	1	0	1	2	1	0	0	4	5	0	0	"[\\n   {\\n      \\"isMake\\": true,\\n      \\"locationX\\": 3.8,\\n      \\"locationY\\": 2.1\\n   },\\n   {\\n      \\"isMake\\": true,\\n      \\"locationX\\": 0.0,\\n      \\"locationY\\": 0.0\\n   },\\n   {\\n      \\"isMake\\": true,\\n      \\"locationX\\": 0.0,\\n      \\"locationY\\": 0.0\\n   },\\n   {\\n      \\"isMake\\": false,\\n      \\"locationX\\": -1.5,\\n      \\"locationY\\": 9.9\\n   },\\n   {\\n      \\"isMake\\": true,\\n      \\"locationX\\": 2.8,\\n      \\"locationY\\": 0.9\\n   }\\n]"	2	14
52	f	18	11	1	1	1	0	0	0	3	0	2	2	3	3	1	2	"[\\n   {\\n      \\"isMake\\": true,\\n      \\"locationX\\": 0.6,\\n      \\"locationY\\": -0.5\\n   },\\n   {\\n      \\"isMake\\": false,\\n      \\"locationX\\": -0.2,\\n      \\"locationY\\": 25.0\\n   },\\n   {\\n      \\"isMake\\": true,\\n      \\"locationX\\": 1.1,\\n      \\"locationY\\": 0.9\\n   },\\n   {\\n      \\"isMake\\": true,\\n      \\"locationX\\": -23.2,\\n      \\"locationY\\": 7.0\\n   },\\n   {\\n      \\"isMake\\": true,\\n      \\"locationX\\": -6.1,\\n      \\"locationY\\": 12.5\\n   }\\n]"	3	30
32	t	36	16	8	0	2	2	0	4	2	0	2	2	4	8	2	11	"[\\n   {\\n      \\"isMake\\": false,\\n      \\"locationX\\": -15.7,\\n      \\"locationY\\": 27.9\\n   },\\n   {\\n      \\"isMake\\": false,\\n      \\"locationX\\": -11.6,\\n      \\"locationY\\": 26.7\\n   },\\n   {\\n      \\"isMake\\": false,\\n      \\"locationX\\": -19.6,\\n      \\"locationY\\": 17.4\\n   },\\n   {\\n      \\"isMake\\": false,\\n      \\"locationX\\": -10.3,\\n      \\"locationY\\": 15.5\\n   },\\n   {\\n      \\"isMake\\": false,\\n      \\"locationX\\": 3.4,\\n      \\"locationY\\": 0.9\\n   },\\n   {\\n      \\"isMake\\": false,\\n      \\"locationX\\": -15.9,\\n      \\"locationY\\": 20.7\\n   },\\n   {\\n      \\"isMake\\": false,\\n      \\"locationX\\": -18.9,\\n      \\"locationY\\": 19.2\\n   },\\n   {\\n      \\"isMake\\": false,\\n      \\"locationX\\": 16.8,\\n      \\"locationY\\": 22.5\\n   },\\n   {\\n      \\"isMake\\": true,\\n      \\"locationX\\": -3.6,\\n      \\"locationY\\": 5.4\\n   },\\n   {\\n      \\"isMake\\": false,\\n      \\"locationX\\": -1.1,\\n      \\"locationY\\": 25.7\\n   },\\n   {\\n      \\"isMake\\": false,\\n      \\"locationX\\": 22.2,\\n      \\"locationY\\": 12.9\\n   },\\n   {\\n      \\"isMake\\": true,\\n      \\"locationX\\": -2.6,\\n      \\"locationY\\": 1.3\\n   },\\n   {\\n      \\"isMake\\": true,\\n      \\"locationX\\": 11.4,\\n      \\"locationY\\": 26.6\\n   },\\n   {\\n      \\"isMake\\": false,\\n      \\"locationX\\": -16.7,\\n      \\"locationY\\": 27.6\\n   },\\n   {\\n      \\"isMake\\": true,\\n      \\"locationX\\": -7.0,\\n      \\"locationY\\": 2.4\\n   },\\n   {\\n      \\"isMake\\": true,\\n      \\"locationX\\": 0.5,\\n      \\"locationY\\": 28.5\\n   },\\n   {\\n      \\"isMake\\": true,\\n      \\"locationX\\": 5.5,\\n      \\"locationY\\": 1.2\\n   },\\n   {\\n      \\"isMake\\": false,\\n      \\"locationX\\": -3.8,\\n      \\"locationY\\": 9.5\\n   },\\n   {\\n      \\"isMake\\": false,\\n      \\"locationX\\": -4.2,\\n      \\"locationY\\": 2.7\\n   }\\n]"	2	1
33	t	22	12	4	1	5	1	0	1	1	0	1	2	4	5	1	2	"[\\n   {\\n      \\"isMake\\": true,\\n      \\"locationX\\": -16.3,\\n      \\"locationY\\": 20.8\\n   },\\n   {\\n      \\"isMake\\": false,\\n      \\"locationX\\": -9.3,\\n      \\"locationY\\": 24.5\\n   },\\n   {\\n      \\"isMake\\": true,\\n      \\"locationX\\": 12.3,\\n      \\"locationY\\": 7.1\\n   },\\n   {\\n      \\"isMake\\": true,\\n      \\"locationX\\": -2.8,\\n      \\"locationY\\": 6.2\\n   },\\n   {\\n      \\"isMake\\": true,\\n      \\"locationX\\": 0.0,\\n      \\"locationY\\": 0.0\\n   },\\n   {\\n      \\"isMake\\": false,\\n      \\"locationX\\": -2.3,\\n      \\"locationY\\": 2.4\\n   },\\n   {\\n      \\"isMake\\": true,\\n      \\"locationX\\": 0.9,\\n      \\"locationY\\": 4.1\\n   }\\n]"	2	3
34	f	15	3	2	1	1	0	1	0	0	0	0	0	0	2	1	3	"[\\n   {\\n      \\"isMake\\": false,\\n      \\"locationX\\": -23.7,\\n      \\"locationY\\": 1.7\\n   },\\n   {\\n      \\"isMake\\": false,\\n      \\"locationX\\": -23.2,\\n      \\"locationY\\": 2.0\\n   },\\n   {\\n      \\"isMake\\": false,\\n      \\"locationX\\": -4.5,\\n      \\"locationY\\": 1.5\\n   },\\n   {\\n      \\"isMake\\": true,\\n      \\"locationX\\": -21.6,\\n      \\"locationY\\": 12.4\\n   },\\n   {\\n      \\"isMake\\": false,\\n      \\"locationX\\": 2.9,\\n      \\"locationY\\": 1.4\\n   }\\n]"	2	4
35	t	34	13	2	1	4	1	0	5	3	2	2	2	4	4	1	3	"[\\n   {\\n      \\"isMake\\": true,\\n      \\"locationX\\": -2.5,\\n      \\"locationY\\": 1.6\\n   },\\n   {\\n      \\"isMake\\": false,\\n      \\"locationX\\": -22.7,\\n      \\"locationY\\": -1.2\\n   },\\n   {\\n      \\"isMake\\": true,\\n      \\"locationX\\": 1.1,\\n      \\"locationY\\": 1.5\\n   },\\n   {\\n      \\"isMake\\": true,\\n      \\"locationX\\": 1.8,\\n      \\"locationY\\": 3.6\\n   },\\n   {\\n      \\"isMake\\": true,\\n      \\"locationX\\": -19.6,\\n      \\"locationY\\": 16.4\\n   },\\n   {\\n      \\"isMake\\": true,\\n      \\"locationX\\": 1.8,\\n      \\"locationY\\": 1.2\\n   },\\n   {\\n      \\"isMake\\": false,\\n      \\"locationX\\": -23.0,\\n      \\"locationY\\": 1.4\\n   }\\n]"	2	6
36	t	29	12	4	0	1	1	1	3	3	2	0	0	0	2	4	9	"[\\n   {\\n      \\"isMake\\": true,\\n      \\"locationX\\": -15.9,\\n      \\"locationY\\": 20.9\\n   },\\n   {\\n      \\"isMake\\": true,\\n      \\"locationX\\": -23.0,\\n      \\"locationY\\": 1.2\\n   },\\n   {\\n      \\"isMake\\": false,\\n      \\"locationX\\": 4.2,\\n      \\"locationY\\": 3.4\\n   },\\n   {\\n      \\"isMake\\": false,\\n      \\"locationX\\": -17.6,\\n      \\"locationY\\": 20.6\\n   },\\n   {\\n      \\"isMake\\": false,\\n      \\"locationX\\": 23.0,\\n      \\"locationY\\": 3.5\\n   },\\n   {\\n      \\"isMake\\": false,\\n      \\"locationX\\": -17.4,\\n      \\"locationY\\": 18.3\\n   },\\n   {\\n      \\"isMake\\": true,\\n      \\"locationX\\": 13.6,\\n      \\"locationY\\": 23.1\\n   },\\n   {\\n      \\"isMake\\": true,\\n      \\"locationX\\": -23.7,\\n      \\"locationY\\": 8.8\\n   },\\n   {\\n      \\"isMake\\": false,\\n      \\"locationX\\": -6.4,\\n      \\"locationY\\": 8.7\\n   },\\n   {\\n      \\"isMake\\": false,\\n      \\"locationX\\": -2.1,\\n      \\"locationY\\": 26.7\\n   },\\n   {\\n      \\"isMake\\": false,\\n      \\"locationX\\": -24.1,\\n      \\"locationY\\": 7.9\\n   }\\n]"	2	8
37	f	19	6	3	4	3	3	1	1	2	0	0	0	3	5	0	0	"[\\n   {\\n      \\"isMake\\": true,\\n      \\"locationX\\": 1.2,\\n      \\"locationY\\": 2.1\\n   },\\n   {\\n      \\"isMake\\": false,\\n      \\"locationX\\": -2.5,\\n      \\"locationY\\": 3.8\\n   },\\n   {\\n      \\"isMake\\": false,\\n      \\"locationX\\": 9.3,\\n      \\"locationY\\": -0.2\\n   },\\n   {\\n      \\"isMake\\": true,\\n      \\"locationX\\": 1.0,\\n      \\"locationY\\": 2.0\\n   },\\n   {\\n      \\"isMake\\": true,\\n      \\"locationX\\": 2.2,\\n      \\"locationY\\": 1.5\\n   }\\n]"	2	9
38	f	7	3	1	0	0	0	1	1	2	0	0	0	0	0	1	1	"[\\n   {\\n      \\"isMake\\": true,\\n      \\"locationX\\": 9.9,\\n      \\"locationY\\": 24.5\\n   }\\n]"	2	13
39	f	19	8	0	0	1	0	0	0	0	0	0	0	1	2	2	3	"[\\n   {\\n      \\"isMake\\": true,\\n      \\"locationX\\": -2.5,\\n      \\"locationY\\": 1.9\\n   },\\n   {\\n      \\"isMake\\": false,\\n      \\"locationX\\": -15.2,\\n      \\"locationY\\": 22.3\\n   },\\n   {\\n      \\"isMake\\": false,\\n      \\"locationX\\": -14.8,\\n      \\"locationY\\": 14.6\\n   },\\n   {\\n      \\"isMake\\": true,\\n      \\"locationX\\": 22.9,\\n      \\"locationY\\": 0.0\\n   },\\n   {\\n      \\"isMake\\": true,\\n      \\"locationX\\": -23.3,\\n      \\"locationY\\": 8.2\\n   }\\n]"	2	15
40	t	35	17	4	0	5	0	1	2	2	0	1	3	5	10	2	4	"[\\n   {\\n      \\"isMake\\": true,\\n      \\"locationX\\": 2.2,\\n      \\"locationY\\": 1.2\\n   },\\n   {\\n      \\"isMake\\": true,\\n      \\"locationX\\": -1.6,\\n      \\"locationY\\": 2.0\\n   },\\n   {\\n      \\"isMake\\": true,\\n      \\"locationX\\": 18.4,\\n      \\"locationY\\": 21.3\\n   },\\n   {\\n      \\"isMake\\": false,\\n      \\"locationX\\": -16.5,\\n      \\"locationY\\": 5.5\\n   },\\n   {\\n      \\"isMake\\": true,\\n      \\"locationX\\": -3.1,\\n      \\"locationY\\": 2.8\\n   },\\n   {\\n      \\"isMake\\": false,\\n      \\"locationX\\": 1.8,\\n      \\"locationY\\": 2.8\\n   },\\n   {\\n      \\"isMake\\": true,\\n      \\"locationX\\": 1.7,\\n      \\"locationY\\": 2.4\\n   },\\n   {\\n      \\"isMake\\": false,\\n      \\"locationX\\": 9.3,\\n      \\"locationY\\": 24.9\\n   },\\n   {\\n      \\"isMake\\": false,\\n      \\"locationX\\": 0.7,\\n      \\"locationY\\": 5.5\\n   },\\n   {\\n      \\"isMake\\": false,\\n      \\"locationX\\": 0.0,\\n      \\"locationY\\": 40.3\\n   },\\n   {\\n      \\"isMake\\": true,\\n      \\"locationX\\": -3.8,\\n      \\"locationY\\": 4.2\\n   },\\n   {\\n      \\"isMake\\": true,\\n      \\"locationX\\": 23.0,\\n      \\"locationY\\": 0.1\\n   },\\n   {\\n      \\"isMake\\": false,\\n      \\"locationX\\": -4.7,\\n      \\"locationY\\": 2.6\\n   },\\n   {\\n      \\"isMake\\": false,\\n      \\"locationX\\": 11.8,\\n      \\"locationY\\": 4.7\\n   }\\n]"	2	2
41	f	16	4	3	1	1	0	0	0	5	0	0	0	2	2	0	0	"[\\n   {\\n      \\"isMake\\": true,\\n      \\"locationX\\": 2.1,\\n      \\"locationY\\": 0.7\\n   },\\n   {\\n      \\"isMake\\": true,\\n      \\"locationX\\": -0.1,\\n      \\"locationY\\": 1.0\\n   }\\n]"	3	14
73	f	13	5	0	0	1	1	0	0	2	0	0	0	1	3	1	1	"[\\n   {\\n      \\"isMake\\": false,\\n      \\"locationX\\": 2.7,\\n      \\"locationY\\": 16.7\\n   },\\n   {\\n      \\"isMake\\": true,\\n      \\"locationX\\": -21.9,\\n      \\"locationY\\": 10.8\\n   },\\n   {\\n      \\"isMake\\": false,\\n      \\"locationX\\": -1.2,\\n      \\"locationY\\": 0.4\\n   },\\n   {\\n      \\"isMake\\": true,\\n      \\"locationX\\": 1.7,\\n      \\"locationY\\": 0.6\\n   }\\n]"	4	24
42	t	17	11	2	0	2	0	0	0	3	0	1	1	2	2	2	5	"[\\n   {\\n      \\"isMake\\": false,\\n      \\"locationX\\": 21.6,\\n      \\"locationY\\": 11.1\\n   },\\n   {\\n      \\"isMake\\": false,\\n      \\"locationX\\": -22.8,\\n      \\"locationY\\": 1.5\\n   },\\n   {\\n      \\"isMake\\": true,\\n      \\"locationX\\": -6.6,\\n      \\"locationY\\": 2.0\\n   },\\n   {\\n      \\"isMake\\": true,\\n      \\"locationX\\": 16.3,\\n      \\"locationY\\": 20.3\\n   },\\n   {\\n      \\"isMake\\": true,\\n      \\"locationX\\": -21.1,\\n      \\"locationY\\": 16.7\\n   },\\n   {\\n      \\"isMake\\": false,\\n      \\"locationX\\": 22.4,\\n      \\"locationY\\": 5.1\\n   },\\n   {\\n      \\"isMake\\": true,\\n      \\"locationX\\": -1.1,\\n      \\"locationY\\": -0.5\\n   }\\n]"	3	10
43	f	24	8	1	2	3	0	1	3	2	1	2	2	0	0	2	4	"[\\n   {\\n      \\"isMake\\": false,\\n      \\"locationX\\": 11.2,\\n      \\"locationY\\": 24.7\\n   },\\n   {\\n      \\"isMake\\": true,\\n      \\"locationX\\": 12.0,\\n      \\"locationY\\": 24.6\\n   },\\n   {\\n      \\"isMake\\": false,\\n      \\"locationX\\": 14.3,\\n      \\"locationY\\": 22.6\\n   },\\n   {\\n      \\"isMake\\": true,\\n      \\"locationX\\": 16.3,\\n      \\"locationY\\": 21.0\\n   }\\n]"	3	11
44	t	35	38	9	1	1	1	0	6	2	1	12	13	4	5	6	13	"[\\n   {\\n      \\"isMake\\": true,\\n      \\"locationX\\": 11.8,\\n      \\"locationY\\": 14.3\\n   },\\n   {\\n      \\"isMake\\": true,\\n      \\"locationX\\": -0.1,\\n      \\"locationY\\": 29.3\\n   },\\n   {\\n      \\"isMake\\": false,\\n      \\"locationX\\": 16.1,\\n      \\"locationY\\": 22.4\\n   },\\n   {\\n      \\"isMake\\": true,\\n      \\"locationX\\": 10.5,\\n      \\"locationY\\": 25.2\\n   },\\n   {\\n      \\"isMake\\": false,\\n      \\"locationX\\": 2.5,\\n      \\"locationY\\": 1.9\\n   },\\n   {\\n      \\"isMake\\": false,\\n      \\"locationX\\": -9.3,\\n      \\"locationY\\": 25.4\\n   },\\n   {\\n      \\"isMake\\": true,\\n      \\"locationX\\": -0.5,\\n      \\"locationY\\": -0.2\\n   },\\n   {\\n      \\"isMake\\": true,\\n      \\"locationX\\": -0.7,\\n      \\"locationY\\": 0.2\\n   },\\n   {\\n      \\"isMake\\": false,\\n      \\"locationX\\": 14.3,\\n      \\"locationY\\": 27.5\\n   },\\n   {\\n      \\"isMake\\": true,\\n      \\"locationX\\": 7.8,\\n      \\"locationY\\": 25.6\\n   },\\n   {\\n      \\"isMake\\": true,\\n      \\"locationX\\": -5.8,\\n      \\"locationY\\": 26.1\\n   },\\n   {\\n      \\"isMake\\": false,\\n      \\"locationX\\": -14.6,\\n      \\"locationY\\": 24.4\\n   },\\n   {\\n      \\"isMake\\": true,\\n      \\"locationX\\": -18.1,\\n      \\"locationY\\": 23.6\\n   },\\n   {\\n      \\"isMake\\": false,\\n      \\"locationX\\": -11.3,\\n      \\"locationY\\": 26.0\\n   },\\n   {\\n      \\"isMake\\": false,\\n      \\"locationX\\": 23.3,\\n      \\"locationY\\": 1.2\\n   },\\n   {\\n      \\"isMake\\": true,\\n      \\"locationX\\": -14.8,\\n      \\"locationY\\": 22.7\\n   },\\n   {\\n      \\"isMake\\": false,\\n      \\"locationX\\": 14.7,\\n      \\"locationY\\": 23.9\\n   },\\n   {\\n      \\"isMake\\": true,\\n      \\"locationX\\": 0.0,\\n      \\"locationY\\": 0.4\\n   }\\n]"	3	1
45	f	13	10	1	1	2	0	0	1	1	1	0	0	5	6	0	1	"[\\n   {\\n      \\"isMake\\": true,\\n      \\"locationX\\": 0.7,\\n      \\"locationY\\": 0.3\\n   },\\n   {\\n      \\"isMake\\": true,\\n      \\"locationX\\": -8.8,\\n      \\"locationY\\": 13.5\\n   },\\n   {\\n      \\"isMake\\": true,\\n      \\"locationX\\": -9.9,\\n      \\"locationY\\": -1.0\\n   },\\n   {\\n      \\"isMake\\": true,\\n      \\"locationX\\": 0.2,\\n      \\"locationY\\": -0.2\\n   },\\n   {\\n      \\"isMake\\": false,\\n      \\"locationX\\": -23.3,\\n      \\"locationY\\": -0.7\\n   },\\n   {\\n      \\"isMake\\": false,\\n      \\"locationX\\": -0.7,\\n      \\"locationY\\": 0.3\\n   },\\n   {\\n      \\"isMake\\": true,\\n      \\"locationX\\": 0.2,\\n      \\"locationY\\": -0.7\\n   }\\n]"	3	16
46	f	28	13	3	1	2	1	2	0	0	0	0	0	2	4	3	4	"[\\n   {\\n      \\"isMake\\": false,\\n      \\"locationX\\": 1.2,\\n      \\"locationY\\": 1.4\\n   },\\n   {\\n      \\"isMake\\": true,\\n      \\"locationX\\": -0.7,\\n      \\"locationY\\": 1.0\\n   },\\n   {\\n      \\"isMake\\": true,\\n      \\"locationX\\": -18.3,\\n      \\"locationY\\": 17.3\\n   },\\n   {\\n      \\"isMake\\": true,\\n      \\"locationX\\": 23.8,\\n      \\"locationY\\": 2.5\\n   },\\n   {\\n      \\"isMake\\": true,\\n      \\"locationX\\": -17.5,\\n      \\"locationY\\": 19.4\\n   },\\n   {\\n      \\"isMake\\": true,\\n      \\"locationX\\": -0.2,\\n      \\"locationY\\": 0.3\\n   },\\n   {\\n      \\"isMake\\": false,\\n      \\"locationX\\": -15.4,\\n      \\"locationY\\": 2.6\\n   },\\n   {\\n      \\"isMake\\": false,\\n      \\"locationX\\": -17.2,\\n      \\"locationY\\": 19.9\\n   }\\n]"	3	15
47	t	36	23	2	0	4	0	1	4	5	0	5	5	6	8	2	5	"[\\n   {\\n      \\"isMake\\": true,\\n      \\"locationX\\": 11.6,\\n      \\"locationY\\": 3.3\\n   },\\n   {\\n      \\"isMake\\": false,\\n      \\"locationX\\": 22.4,\\n      \\"locationY\\": 4.2\\n   },\\n   {\\n      \\"isMake\\": false,\\n      \\"locationX\\": 17.6,\\n      \\"locationY\\": 17.5\\n   },\\n   {\\n      \\"isMake\\": true,\\n      \\"locationX\\": 21.4,\\n      \\"locationY\\": 1.4\\n   },\\n   {\\n      \\"isMake\\": true,\\n      \\"locationX\\": 0.2,\\n      \\"locationY\\": -0.2\\n   },\\n   {\\n      \\"isMake\\": true,\\n      \\"locationX\\": 20.8,\\n      \\"locationY\\": 16.6\\n   },\\n   {\\n      \\"isMake\\": true,\\n      \\"locationX\\": 0.9,\\n      \\"locationY\\": 0.6\\n   },\\n   {\\n      \\"isMake\\": false,\\n      \\"locationX\\": 1.0,\\n      \\"locationY\\": -0.1\\n   },\\n   {\\n      \\"isMake\\": false,\\n      \\"locationX\\": -23.3,\\n      \\"locationY\\": 2.4\\n   },\\n   {\\n      \\"isMake\\": true,\\n      \\"locationX\\": -22.7,\\n      \\"locationY\\": 6.2\\n   },\\n   {\\n      \\"isMake\\": true,\\n      \\"locationX\\": 0.1,\\n      \\"locationY\\": -1.7\\n   },\\n   {\\n      \\"isMake\\": true,\\n      \\"locationX\\": 0.5,\\n      \\"locationY\\": 12.9\\n   },\\n   {\\n      \\"isMake\\": false,\\n      \\"locationX\\": -13.1,\\n      \\"locationY\\": 4.6\\n   }\\n]"	3	2
48	t	28	9	2	2	6	0	1	2	2	1	5	6	2	2	0	0	"[\\n   {\\n      \\"isMake\\": true,\\n      \\"locationX\\": 5.9,\\n      \\"locationY\\": 3.0\\n   },\\n   {\\n      \\"isMake\\": true,\\n      \\"locationX\\": 1.0,\\n      \\"locationY\\": 0.9\\n   }\\n]"	3	9
49	t	36	11	6	1	2	1	0	2	2	0	4	4	2	6	1	8	"[\\n   {\\n      \\"isMake\\": false,\\n      \\"locationX\\": 18.6,\\n      \\"locationY\\": 21.2\\n   },\\n   {\\n      \\"isMake\\": false,\\n      \\"locationX\\": -23.0,\\n      \\"locationY\\": -0.1\\n   },\\n   {\\n      \\"isMake\\": false,\\n      \\"locationX\\": -22.7,\\n      \\"locationY\\": 11.4\\n   },\\n   {\\n      \\"isMake\\": false,\\n      \\"locationX\\": 11.9,\\n      \\"locationY\\": 24.1\\n   },\\n   {\\n      \\"isMake\\": true,\\n      \\"locationX\\": 1.1,\\n      \\"locationY\\": 29.7\\n   },\\n   {\\n      \\"isMake\\": false,\\n      \\"locationX\\": 6.2,\\n      \\"locationY\\": 6.3\\n   },\\n   {\\n      \\"isMake\\": true,\\n      \\"locationX\\": 0.2,\\n      \\"locationY\\": 1.5\\n   },\\n   {\\n      \\"isMake\\": false,\\n      \\"locationX\\": 2.0,\\n      \\"locationY\\": 1.2\\n   },\\n   {\\n      \\"isMake\\": false,\\n      \\"locationX\\": -15.8,\\n      \\"locationY\\": 23.3\\n   },\\n   {\\n      \\"isMake\\": false,\\n      \\"locationX\\": -2.0,\\n      \\"locationY\\": 6.4\\n   },\\n   {\\n      \\"isMake\\": false,\\n      \\"locationX\\": -15.7,\\n      \\"locationY\\": 22.7\\n   },\\n   {\\n      \\"isMake\\": false,\\n      \\"locationX\\": -0.1,\\n      \\"locationY\\": 9.4\\n   },\\n   {\\n      \\"isMake\\": false,\\n      \\"locationX\\": 18.4,\\n      \\"locationY\\": 16.7\\n   },\\n   {\\n      \\"isMake\\": true,\\n      \\"locationX\\": -1.1,\\n      \\"locationY\\": 0.8\\n   }\\n]"	3	8
50	f	1	2	0	0	0	0	0	0	1	0	0	0	1	1	0	0	"[\\n   {\\n      \\"isMake\\": true,\\n      \\"locationX\\": 1.3,\\n      \\"locationY\\": 0.5\\n   }\\n]"	3	13
51	f	23	12	3	0	3	0	0	1	1	0	0	0	0	1	4	4	"[\\n   {\\n      \\"isMake\\": true,\\n      \\"locationX\\": 8.3,\\n      \\"locationY\\": 25.3\\n   },\\n   {\\n      \\"isMake\\": true,\\n      \\"locationX\\": 22.8,\\n      \\"locationY\\": 0.5\\n   },\\n   {\\n      \\"isMake\\": false,\\n      \\"locationX\\": 1.6,\\n      \\"locationY\\": 0.0\\n   },\\n   {\\n      \\"isMake\\": true,\\n      \\"locationX\\": -16.7,\\n      \\"locationY\\": 24.6\\n   },\\n   {\\n      \\"isMake\\": true,\\n      \\"locationX\\": -22.5,\\n      \\"locationY\\": 1.8\\n   }\\n]"	3	22
53	f	20	9	3	1	0	1	1	2	0	0	1	1	1	4	2	4	"[\\n   {\\n      \\"isMake\\": false,\\n      \\"locationX\\": 15.3,\\n      \\"locationY\\": 20.4\\n   },\\n   {\\n      \\"isMake\\": false,\\n      \\"locationX\\": 1.7,\\n      \\"locationY\\": 0.3\\n   },\\n   {\\n      \\"isMake\\": false,\\n      \\"locationX\\": -5.6,\\n      \\"locationY\\": 3.9\\n   },\\n   {\\n      \\"isMake\\": true,\\n      \\"locationX\\": 0.4,\\n      \\"locationY\\": -0.2\\n   },\\n   {\\n      \\"isMake\\": false,\\n      \\"locationX\\": 0.0,\\n      \\"locationY\\": 0.0\\n   },\\n   {\\n      \\"isMake\\": false,\\n      \\"locationX\\": -15.6,\\n      \\"locationY\\": 27.1\\n   },\\n   {\\n      \\"isMake\\": true,\\n      \\"locationX\\": 17.5,\\n      \\"locationY\\": 23.6\\n   },\\n   {\\n      \\"isMake\\": true,\\n      \\"locationX\\": -22.9,\\n      \\"locationY\\": 10.2\\n   }\\n]"	3	25
54	t	20	2	1	2	2	0	0	1	4	1	0	0	1	4	0	1	"[\\n   {\\n      \\"isMake\\": false,\\n      \\"locationX\\": 0.7,\\n      \\"locationY\\": 0.5\\n   },\\n   {\\n      \\"isMake\\": true,\\n      \\"locationX\\": -0.6,\\n      \\"locationY\\": 1.1\\n   },\\n   {\\n      \\"isMake\\": false,\\n      \\"locationX\\": 13.5,\\n      \\"locationY\\": 25.1\\n   },\\n   {\\n      \\"isMake\\": false,\\n      \\"locationX\\": 0.0,\\n      \\"locationY\\": 0.0\\n   },\\n   {\\n      \\"isMake\\": false,\\n      \\"locationX\\": 2.5,\\n      \\"locationY\\": 1.3\\n   }\\n]"	3	27
55	f	3	0	0	0	0	0	0	0	0	0	0	0	0	0	0	2	"[\\n   {\\n      \\"isMake\\": false,\\n      \\"locationX\\": -13.7,\\n      \\"locationY\\": 24.3\\n   },\\n   {\\n      \\"isMake\\": false,\\n      \\"locationX\\": -20.7,\\n      \\"locationY\\": 16.7\\n   }\\n]"	3	23
56	t	39	44	7	0	3	2	1	4	1	0	18	19	13	15	0	1	"[\\n   {\\n      \\"isMake\\": true,\\n      \\"locationX\\": 1.0,\\n      \\"locationY\\": 0.7\\n   },\\n   {\\n      \\"isMake\\": false,\\n      \\"locationX\\": -21.7,\\n      \\"locationY\\": 11.2\\n   },\\n   {\\n      \\"isMake\\": true,\\n      \\"locationX\\": 2.7,\\n      \\"locationY\\": 0.9\\n   },\\n   {\\n      \\"isMake\\": true,\\n      \\"locationX\\": -8.0,\\n      \\"locationY\\": 8.9\\n   },\\n   {\\n      \\"isMake\\": true,\\n      \\"locationX\\": -0.4,\\n      \\"locationY\\": 1.0\\n   },\\n   {\\n      \\"isMake\\": false,\\n      \\"locationX\\": 13.1,\\n      \\"locationY\\": -1.1\\n   },\\n   {\\n      \\"isMake\\": true,\\n      \\"locationX\\": 0.9,\\n      \\"locationY\\": 1.2\\n   },\\n   {\\n      \\"isMake\\": true,\\n      \\"locationX\\": -1.0,\\n      \\"locationY\\": 0.0\\n   },\\n   {\\n      \\"isMake\\": true,\\n      \\"locationX\\": -0.6,\\n      \\"locationY\\": 0.3\\n   },\\n   {\\n      \\"isMake\\": true,\\n      \\"locationX\\": -0.7,\\n      \\"locationY\\": -1.2\\n   },\\n   {\\n      \\"isMake\\": true,\\n      \\"locationX\\": 0.1,\\n      \\"locationY\\": 0.8\\n   },\\n   {\\n      \\"isMake\\": false,\\n      \\"locationX\\": 2.3,\\n      \\"locationY\\": 0.9\\n   },\\n   {\\n      \\"isMake\\": true,\\n      \\"locationX\\": 0.2,\\n      \\"locationY\\": 1.3\\n   },\\n   {\\n      \\"isMake\\": true,\\n      \\"locationX\\": -1.3,\\n      \\"locationY\\": -0.2\\n   },\\n   {\\n      \\"isMake\\": true,\\n      \\"locationX\\": -2.8,\\n      \\"locationY\\": 0.5\\n   },\\n   {\\n      \\"isMake\\": true,\\n      \\"locationX\\": 0.5,\\n      \\"locationY\\": 0.7\\n   }\\n]"	3	18
57	f	7	2	0	1	1	0	0	1	1	1	0	0	1	2	0	0	"[\\n   {\\n      \\"isMake\\": true,\\n      \\"locationX\\": -1.1,\\n      \\"locationY\\": 1.3\\n   },\\n   {\\n      \\"isMake\\": false,\\n      \\"locationX\\": 0.0,\\n      \\"locationY\\": 0.0\\n   }\\n]"	3	28
58	t	28	19	7	3	3	0	0	0	4	0	3	3	5	12	2	3	"[\\n   {\\n      \\"isMake\\": false,\\n      \\"locationX\\": 5.8,\\n      \\"locationY\\": 2.6\\n   },\\n   {\\n      \\"isMake\\": true,\\n      \\"locationX\\": -18.8,\\n      \\"locationY\\": 16.1\\n   },\\n   {\\n      \\"isMake\\": true,\\n      \\"locationX\\": -6.9,\\n      \\"locationY\\": 11.1\\n   },\\n   {\\n      \\"isMake\\": true,\\n      \\"locationX\\": -16.8,\\n      \\"locationY\\": 22.7\\n   },\\n   {\\n      \\"isMake\\": true,\\n      \\"locationX\\": -0.5,\\n      \\"locationY\\": 2.4\\n   },\\n   {\\n      \\"isMake\\": false,\\n      \\"locationX\\": -4.5,\\n      \\"locationY\\": 7.1\\n   },\\n   {\\n      \\"isMake\\": false,\\n      \\"locationX\\": -1.6,\\n      \\"locationY\\": 4.4\\n   },\\n   {\\n      \\"isMake\\": false,\\n      \\"locationX\\": -15.6,\\n      \\"locationY\\": 22.5\\n   },\\n   {\\n      \\"isMake\\": true,\\n      \\"locationX\\": -2.3,\\n      \\"locationY\\": -0.5\\n   },\\n   {\\n      \\"isMake\\": true,\\n      \\"locationX\\": 1.0,\\n      \\"locationY\\": 6.2\\n   },\\n   {\\n      \\"isMake\\": false,\\n      \\"locationX\\": 3.8,\\n      \\"locationY\\": 3.1\\n   },\\n   {\\n      \\"isMake\\": false,\\n      \\"locationX\\": -8.9,\\n      \\"locationY\\": 4.0\\n   },\\n   {\\n      \\"isMake\\": true,\\n      \\"locationX\\": -0.4,\\n      \\"locationY\\": 1.4\\n   },\\n   {\\n      \\"isMake\\": false,\\n      \\"locationX\\": 0.0,\\n      \\"locationY\\": 0.0\\n   },\\n   {\\n      \\"isMake\\": false,\\n      \\"locationX\\": -1.0,\\n      \\"locationY\\": 0.8\\n   }\\n]"	3	26
59	t	32	13	6	1	3	3	0	1	2	1	5	5	4	9	0	1	"[\\n   {\\n      \\"isMake\\": false,\\n      \\"locationX\\": -5.1,\\n      \\"locationY\\": 4.2\\n   },\\n   {\\n      \\"isMake\\": true,\\n      \\"locationX\\": -0.2,\\n      \\"locationY\\": 1.2\\n   },\\n   {\\n      \\"isMake\\": true,\\n      \\"locationX\\": 1.8,\\n      \\"locationY\\": 0.6\\n   },\\n   {\\n      \\"isMake\\": false,\\n      \\"locationX\\": 1.2,\\n      \\"locationY\\": 0.6\\n   },\\n   {\\n      \\"isMake\\": false,\\n      \\"locationX\\": 22.9,\\n      \\"locationY\\": 5.2\\n   },\\n   {\\n      \\"isMake\\": false,\\n      \\"locationX\\": -1.2,\\n      \\"locationY\\": -0.4\\n   },\\n   {\\n      \\"isMake\\": false,\\n      \\"locationX\\": 4.4,\\n      \\"locationY\\": 21.3\\n   },\\n   {\\n      \\"isMake\\": true,\\n      \\"locationX\\": 1.1,\\n      \\"locationY\\": 1.7\\n   },\\n   {\\n      \\"isMake\\": true,\\n      \\"locationX\\": 0.2,\\n      \\"locationY\\": 0.8\\n   },\\n   {\\n      \\"isMake\\": false,\\n      \\"locationX\\": 1.8,\\n      \\"locationY\\": 0.8\\n   }\\n]"	3	29
60	f	20	18	1	1	0	1	1	0	5	0	3	5	3	3	3	3	"[\\n   {\\n      \\"isMake\\": true,\\n      \\"locationX\\": -0.5,\\n      \\"locationY\\": 1.9\\n   },\\n   {\\n      \\"isMake\\": true,\\n      \\"locationX\\": -23.0,\\n      \\"locationY\\": 4.1\\n   },\\n   {\\n      \\"isMake\\": true,\\n      \\"locationX\\": -0.9,\\n      \\"locationY\\": -0.1\\n   },\\n   {\\n      \\"isMake\\": true,\\n      \\"locationX\\": -15.4,\\n      \\"locationY\\": 27.3\\n   },\\n   {\\n      \\"isMake\\": true,\\n      \\"locationX\\": -0.4,\\n      \\"locationY\\": 0.8\\n   },\\n   {\\n      \\"isMake\\": true,\\n      \\"locationX\\": -10.2,\\n      \\"locationY\\": 26.7\\n   }\\n]"	3	20
61	t	26	8	0	0	3	2	0	0	2	0	0	0	4	6	0	3	"[\\n   {\\n      \\"isMake\\": false,\\n      \\"locationX\\": -23.5,\\n      \\"locationY\\": 4.6\\n   },\\n   {\\n      \\"isMake\\": true,\\n      \\"locationX\\": -1.5,\\n      \\"locationY\\": -1.1\\n   },\\n   {\\n      \\"isMake\\": false,\\n      \\"locationX\\": -3.4,\\n      \\"locationY\\": 27.6\\n   },\\n   {\\n      \\"isMake\\": false,\\n      \\"locationX\\": 2.8,\\n      \\"locationY\\": 13.4\\n   },\\n   {\\n      \\"isMake\\": true,\\n      \\"locationX\\": -1.1,\\n      \\"locationY\\": -0.4\\n   },\\n   {\\n      \\"isMake\\": true,\\n      \\"locationX\\": 0.5,\\n      \\"locationY\\": 1.2\\n   },\\n   {\\n      \\"isMake\\": true,\\n      \\"locationX\\": 2.6,\\n      \\"locationY\\": 1.3\\n   },\\n   {\\n      \\"isMake\\": false,\\n      \\"locationX\\": 9.7,\\n      \\"locationY\\": 26.5\\n   },\\n   {\\n      \\"isMake\\": false,\\n      \\"locationX\\": 1.8,\\n      \\"locationY\\": 0.5\\n   }\\n]"	3	19
62	t	10	6	0	0	2	0	0	2	0	0	0	1	3	3	0	1	"[\\n   {\\n      \\"isMake\\": false,\\n      \\"locationX\\": 21.0,\\n      \\"locationY\\": 13.4\\n   },\\n   {\\n      \\"isMake\\": true,\\n      \\"locationX\\": -2.1,\\n      \\"locationY\\": 0.3\\n   },\\n   {\\n      \\"isMake\\": true,\\n      \\"locationX\\": 7.1,\\n      \\"locationY\\": 0.4\\n   },\\n   {\\n      \\"isMake\\": true,\\n      \\"locationX\\": 0.2,\\n      \\"locationY\\": 4.6\\n   }\\n]"	4	14
63	f	14	2	0	2	0	1	1	0	2	0	2	2	0	1	0	1	"[\\n   {\\n      \\"isMake\\": false,\\n      \\"locationX\\": 22.3,\\n      \\"locationY\\": 0.6\\n   },\\n   {\\n      \\"isMake\\": false,\\n      \\"locationX\\": 1.2,\\n      \\"locationY\\": 0.8\\n   }\\n]"	4	16
64	f	31	28	0	2	4	0	0	2	4	1	3	3	8	15	3	6	"[\\n   {\\n      \\"isMake\\": false,\\n      \\"locationX\\": -2.3,\\n      \\"locationY\\": 1.9\\n   },\\n   {\\n      \\"isMake\\": true,\\n      \\"locationX\\": 0.0,\\n      \\"locationY\\": 0.0\\n   },\\n   {\\n      \\"isMake\\": false,\\n      \\"locationX\\": -0.5,\\n      \\"locationY\\": 1.5\\n   },\\n   {\\n      \\"isMake\\": false,\\n      \\"locationX\\": 19.5,\\n      \\"locationY\\": 44.0\\n   },\\n   {\\n      \\"isMake\\": true,\\n      \\"locationX\\": 12.9,\\n      \\"locationY\\": 24.0\\n   },\\n   {\\n      \\"isMake\\": false,\\n      \\"locationX\\": 16.9,\\n      \\"locationY\\": 22.4\\n   },\\n   {\\n      \\"isMake\\": false,\\n      \\"locationX\\": 11.0,\\n      \\"locationY\\": 18.2\\n   },\\n   {\\n      \\"isMake\\": false,\\n      \\"locationX\\": 3.9,\\n      \\"locationY\\": 16.9\\n   },\\n   {\\n      \\"isMake\\": true,\\n      \\"locationX\\": 7.7,\\n      \\"locationY\\": 14.7\\n   },\\n   {\\n      \\"isMake\\": false,\\n      \\"locationX\\": -7.8,\\n      \\"locationY\\": 19.6\\n   },\\n   {\\n      \\"isMake\\": true,\\n      \\"locationX\\": -17.4,\\n      \\"locationY\\": 22.9\\n   },\\n   {\\n      \\"isMake\\": false,\\n      \\"locationX\\": -16.7,\\n      \\"locationY\\": 18.9\\n   },\\n   {\\n      \\"isMake\\": true,\\n      \\"locationX\\": -20.6,\\n      \\"locationY\\": 14.4\\n   },\\n   {\\n      \\"isMake\\": true,\\n      \\"locationX\\": 2.0,\\n      \\"locationY\\": -0.1\\n   },\\n   {\\n      \\"isMake\\": true,\\n      \\"locationX\\": 0.0,\\n      \\"locationY\\": 3.6\\n   },\\n   {\\n      \\"isMake\\": true,\\n      \\"locationX\\": 1.2,\\n      \\"locationY\\": 1.7\\n   },\\n   {\\n      \\"isMake\\": false,\\n      \\"locationX\\": -3.7,\\n      \\"locationY\\": 1.3\\n   },\\n   {\\n      \\"isMake\\": true,\\n      \\"locationX\\": -0.6,\\n      \\"locationY\\": 0.9\\n   },\\n   {\\n      \\"isMake\\": true,\\n      \\"locationX\\": 0.1,\\n      \\"locationY\\": 0.4\\n   },\\n   {\\n      \\"isMake\\": true,\\n      \\"locationX\\": -0.7,\\n      \\"locationY\\": 5.9\\n   },\\n   {\\n      \\"isMake\\": false,\\n      \\"locationX\\": -2.3,\\n      \\"locationY\\": 5.0\\n   }\\n]"	4	11
65	f	21	14	5	1	0	0	0	3	1	0	4	6	2	5	2	4	"[\\n   {\\n      \\"isMake\\": true,\\n      \\"locationX\\": 12.5,\\n      \\"locationY\\": 23.6\\n   },\\n   {\\n      \\"isMake\\": true,\\n      \\"locationX\\": -10.8,\\n      \\"locationY\\": 25.1\\n   },\\n   {\\n      \\"isMake\\": false,\\n      \\"locationX\\": -1.3,\\n      \\"locationY\\": 0.7\\n   },\\n   {\\n      \\"isMake\\": true,\\n      \\"locationX\\": -1.2,\\n      \\"locationY\\": -0.6\\n   },\\n   {\\n      \\"isMake\\": true,\\n      \\"locationX\\": 1.7,\\n      \\"locationY\\": 0.2\\n   },\\n   {\\n      \\"isMake\\": false,\\n      \\"locationX\\": 2.7,\\n      \\"locationY\\": 6.3\\n   },\\n   {\\n      \\"isMake\\": false,\\n      \\"locationX\\": 5.4,\\n      \\"locationY\\": 2.8\\n   },\\n   {\\n      \\"isMake\\": false,\\n      \\"locationX\\": -23.4,\\n      \\"locationY\\": 1.5\\n   },\\n   {\\n      \\"isMake\\": false,\\n      \\"locationX\\": -23.0,\\n      \\"locationY\\": 0.5\\n   }\\n]"	4	13
66	f	15	11	0	1	4	0	0	0	3	0	0	0	1	3	3	6	"[\\n   {\\n      \\"isMake\\": false,\\n      \\"locationX\\": 12.1,\\n      \\"locationY\\": 26.1\\n   },\\n   {\\n      \\"isMake\\": true,\\n      \\"locationX\\": -6.9,\\n      \\"locationY\\": 20.4\\n   },\\n   {\\n      \\"isMake\\": true,\\n      \\"locationX\\": -18.8,\\n      \\"locationY\\": 18.3\\n   },\\n   {\\n      \\"isMake\\": true,\\n      \\"locationX\\": -17.5,\\n      \\"locationY\\": 19.0\\n   },\\n   {\\n      \\"isMake\\": true,\\n      \\"locationX\\": 23.3,\\n      \\"locationY\\": -0.1\\n   },\\n   {\\n      \\"isMake\\": false,\\n      \\"locationX\\": 22.4,\\n      \\"locationY\\": 1.9\\n   },\\n   {\\n      \\"isMake\\": false,\\n      \\"locationX\\": 23.2,\\n      \\"locationY\\": 3.4\\n   },\\n   {\\n      \\"isMake\\": false,\\n      \\"locationX\\": -1.3,\\n      \\"locationY\\": 0.5\\n   },\\n   {\\n      \\"isMake\\": false,\\n      \\"locationX\\": 3.6,\\n      \\"locationY\\": 2.4\\n   }\\n]"	4	7
67	t	26	3	5	0	2	0	0	1	2	0	0	0	0	1	1	5	"[\\n   {\\n      \\"isMake\\": false,\\n      \\"locationX\\": -3.8,\\n      \\"locationY\\": 25.8\\n   },\\n   {\\n      \\"isMake\\": false,\\n      \\"locationX\\": 9.7,\\n      \\"locationY\\": 23.4\\n   },\\n   {\\n      \\"isMake\\": false,\\n      \\"locationX\\": 16.9,\\n      \\"locationY\\": 20.4\\n   },\\n   {\\n      \\"isMake\\": false,\\n      \\"locationX\\": 1.0,\\n      \\"locationY\\": 21.0\\n   },\\n   {\\n      \\"isMake\\": false,\\n      \\"locationX\\": -17.2,\\n      \\"locationY\\": 19.7\\n   },\\n   {\\n      \\"isMake\\": true,\\n      \\"locationX\\": -17.2,\\n      \\"locationY\\": 19.2\\n   }\\n]"	4	5
68	t	32	7	4	2	8	1	6	3	1	1	1	2	3	6	0	0	"[\\n   {\\n      \\"isMake\\": false,\\n      \\"locationX\\": 1.8,\\n      \\"locationY\\": 0.3\\n   },\\n   {\\n      \\"isMake\\": true,\\n      \\"locationX\\": 0.0,\\n      \\"locationY\\": 0.0\\n   },\\n   {\\n      \\"isMake\\": true,\\n      \\"locationX\\": -0.4,\\n      \\"locationY\\": 1.9\\n   },\\n   {\\n      \\"isMake\\": false,\\n      \\"locationX\\": -1.6,\\n      \\"locationY\\": 1.5\\n   },\\n   {\\n      \\"isMake\\": false,\\n      \\"locationX\\": -1.3,\\n      \\"locationY\\": 1.2\\n   },\\n   {\\n      \\"isMake\\": true,\\n      \\"locationX\\": 1.6,\\n      \\"locationY\\": 1.2\\n   }\\n]"	4	9
69	f	19	4	0	0	0	1	0	1	1	0	2	2	1	4	0	0	"[\\n   {\\n      \\"isMake\\": false,\\n      \\"locationX\\": -7.2,\\n      \\"locationY\\": 10.5\\n   },\\n   {\\n      \\"isMake\\": false,\\n      \\"locationX\\": 10.2,\\n      \\"locationY\\": 1.1\\n   },\\n   {\\n      \\"isMake\\": true,\\n      \\"locationX\\": -0.7,\\n      \\"locationY\\": 0.2\\n   },\\n   {\\n      \\"isMake\\": false,\\n      \\"locationX\\": -7.4,\\n      \\"locationY\\": 3.4\\n   }\\n]"	4	10
70	t	35	29	3	0	5	0	0	5	3	0	8	11	6	8	3	5	"[\\n   {\\n      \\"isMake\\": true,\\n      \\"locationX\\": 16.5,\\n      \\"locationY\\": 23.9\\n   },\\n   {\\n      \\"isMake\\": false,\\n      \\"locationX\\": 12.9,\\n      \\"locationY\\": 9.4\\n   },\\n   {\\n      \\"isMake\\": true,\\n      \\"locationX\\": -3.6,\\n      \\"locationY\\": 14.3\\n   },\\n   {\\n      \\"isMake\\": true,\\n      \\"locationX\\": 0.5,\\n      \\"locationY\\": 21.5\\n   },\\n   {\\n      \\"isMake\\": true,\\n      \\"locationX\\": -23.5,\\n      \\"locationY\\": 9.5\\n   },\\n   {\\n      \\"isMake\\": false,\\n      \\"locationX\\": -22.6,\\n      \\"locationY\\": 7.9\\n   },\\n   {\\n      \\"isMake\\": true,\\n      \\"locationX\\": -22.7,\\n      \\"locationY\\": 12.4\\n   },\\n   {\\n      \\"isMake\\": false,\\n      \\"locationX\\": -21.9,\\n      \\"locationY\\": 13.0\\n   },\\n   {\\n      \\"isMake\\": true,\\n      \\"locationX\\": 1.7,\\n      \\"locationY\\": 0.0\\n   },\\n   {\\n      \\"isMake\\": true,\\n      \\"locationX\\": 0.6,\\n      \\"locationY\\": 1.5\\n   },\\n   {\\n      \\"isMake\\": false,\\n      \\"locationX\\": 1.1,\\n      \\"locationY\\": 0.5\\n   },\\n   {\\n      \\"isMake\\": true,\\n      \\"locationX\\": 5.0,\\n      \\"locationY\\": 4.1\\n   },\\n   {\\n      \\"isMake\\": true,\\n      \\"locationX\\": -6.1,\\n      \\"locationY\\": 3.4\\n   }\\n]"	4	15
71	t	32	8	1	0	4	2	0	1	2	1	0	0	1	4	2	4	"[\\n   {\\n      \\"isMake\\": false,\\n      \\"locationX\\": 18.3,\\n      \\"locationY\\": 15.8\\n   },\\n   {\\n      \\"isMake\\": true,\\n      \\"locationX\\": 16.5,\\n      \\"locationY\\": 22.9\\n   },\\n   {\\n      \\"isMake\\": true,\\n      \\"locationX\\": -16.8,\\n      \\"locationY\\": 19.0\\n   },\\n   {\\n      \\"isMake\\": false,\\n      \\"locationX\\": 22.8,\\n      \\"locationY\\": 2.5\\n   },\\n   {\\n      \\"isMake\\": true,\\n      \\"locationX\\": 1.6,\\n      \\"locationY\\": 0.6\\n   },\\n   {\\n      \\"isMake\\": false,\\n      \\"locationX\\": -1.6,\\n      \\"locationY\\": 1.2\\n   },\\n   {\\n      \\"isMake\\": false,\\n      \\"locationX\\": -1.8,\\n      \\"locationY\\": 0.4\\n   },\\n   {\\n      \\"isMake\\": false,\\n      \\"locationX\\": 6.9,\\n      \\"locationY\\": 0.6\\n   }\\n]"	4	12
72	f	12	4	0	1	0	1	0	1	1	0	0	0	2	3	0	2	"[\\n   {\\n      \\"isMake\\": false,\\n      \\"locationX\\": 2.0,\\n      \\"locationY\\": 0.5\\n   },\\n   {\\n      \\"isMake\\": false,\\n      \\"locationX\\": -0.4,\\n      \\"locationY\\": 26.1\\n   },\\n   {\\n      \\"isMake\\": false,\\n      \\"locationX\\": -20.5,\\n      \\"locationY\\": 15.7\\n   },\\n   {\\n      \\"isMake\\": true,\\n      \\"locationX\\": 1.0,\\n      \\"locationY\\": 0.3\\n   },\\n   {\\n      \\"isMake\\": true,\\n      \\"locationX\\": -0.7,\\n      \\"locationY\\": 0.3\\n   }\\n]"	4	31
74	f	14	5	2	1	1	0	0	0	3	0	0	0	1	2	1	4	"[\\n   {\\n      \\"isMake\\": false,\\n      \\"locationX\\": -17.0,\\n      \\"locationY\\": 21.5\\n   },\\n   {\\n      \\"isMake\\": false,\\n      \\"locationX\\": -12.6,\\n      \\"locationY\\": 22.5\\n   },\\n   {\\n      \\"isMake\\": false,\\n      \\"locationX\\": -21.2,\\n      \\"locationY\\": 14.5\\n   },\\n   {\\n      \\"isMake\\": false,\\n      \\"locationX\\": -1.8,\\n      \\"locationY\\": 1.0\\n   },\\n   {\\n      \\"isMake\\": true,\\n      \\"locationX\\": 1.7,\\n      \\"locationY\\": 0.5\\n   },\\n   {\\n      \\"isMake\\": true,\\n      \\"locationX\\": -22.3,\\n      \\"locationY\\": 0.4\\n   }\\n]"	4	25
75	f	7	0	0	0	1	0	0	1	1	1	0	0	0	1	0	1	"[\\n   {\\n      \\"isMake\\": false,\\n      \\"locationX\\": 2.6,\\n      \\"locationY\\": 1.2\\n   },\\n   {\\n      \\"isMake\\": false,\\n      \\"locationX\\": -22.1,\\n      \\"locationY\\": -0.2\\n   }\\n]"	4	27
76	f	28	20	5	2	5	2	0	0	2	0	5	5	0	2	5	10	"[\\n   {\\n      \\"isMake\\": false,\\n      \\"locationX\\": 1.0,\\n      \\"locationY\\": 1.2\\n   },\\n   {\\n      \\"isMake\\": false,\\n      \\"locationX\\": -6.7,\\n      \\"locationY\\": 26.1\\n   },\\n   {\\n      \\"isMake\\": true,\\n      \\"locationX\\": 21.3,\\n      \\"locationY\\": 13.6\\n   },\\n   {\\n      \\"isMake\\": false,\\n      \\"locationX\\": -20.2,\\n      \\"locationY\\": 16.2\\n   },\\n   {\\n      \\"isMake\\": true,\\n      \\"locationX\\": -20.6,\\n      \\"locationY\\": 17.3\\n   },\\n   {\\n      \\"isMake\\": true,\\n      \\"locationX\\": -19.0,\\n      \\"locationY\\": 16.5\\n   },\\n   {\\n      \\"isMake\\": true,\\n      \\"locationX\\": -18.4,\\n      \\"locationY\\": 19.8\\n   },\\n   {\\n      \\"isMake\\": false,\\n      \\"locationX\\": -15.4,\\n      \\"locationY\\": 23.6\\n   },\\n   {\\n      \\"isMake\\": false,\\n      \\"locationX\\": -22.9,\\n      \\"locationY\\": 8.0\\n   },\\n   {\\n      \\"isMake\\": false,\\n      \\"locationX\\": -19.5,\\n      \\"locationY\\": 17.8\\n   },\\n   {\\n      \\"isMake\\": true,\\n      \\"locationX\\": 23.7,\\n      \\"locationY\\": 2.1\\n   },\\n   {\\n      \\"isMake\\": false,\\n      \\"locationX\\": 1.6,\\n      \\"locationY\\": 0.7\\n   }\\n]"	4	22
77	t	35	31	3	2	0	4	0	3	1	0	13	15	9	16	0	1	"[\\n   {\\n      \\"isMake\\": false,\\n      \\"locationX\\": -1.8,\\n      \\"locationY\\": 0.6\\n   },\\n   {\\n      \\"isMake\\": true,\\n      \\"locationX\\": 7.2,\\n      \\"locationY\\": 5.9\\n   },\\n   {\\n      \\"isMake\\": false,\\n      \\"locationX\\": -3.6,\\n      \\"locationY\\": 26.8\\n   },\\n   {\\n      \\"isMake\\": false,\\n      \\"locationX\\": -2.7,\\n      \\"locationY\\": 15.9\\n   },\\n   {\\n      \\"isMake\\": false,\\n      \\"locationX\\": 15.9,\\n      \\"locationY\\": 2.1\\n   },\\n   {\\n      \\"isMake\\": true,\\n      \\"locationX\\": 0.7,\\n      \\"locationY\\": 1.2\\n   },\\n   {\\n      \\"isMake\\": true,\\n      \\"locationX\\": -0.4,\\n      \\"locationY\\": 1.4\\n   },\\n   {\\n      \\"isMake\\": false,\\n      \\"locationX\\": 1.3,\\n      \\"locationY\\": 1.0\\n   },\\n   {\\n      \\"isMake\\": true,\\n      \\"locationX\\": -0.2,\\n      \\"locationY\\": 0.2\\n   },\\n   {\\n      \\"isMake\\": false,\\n      \\"locationX\\": 1.7,\\n      \\"locationY\\": 0.8\\n   },\\n   {\\n      \\"isMake\\": true,\\n      \\"locationX\\": -0.5,\\n      \\"locationY\\": 0.1\\n   },\\n   {\\n      \\"isMake\\": true,\\n      \\"locationX\\": -1.1,\\n      \\"locationY\\": 1.2\\n   },\\n   {\\n      \\"isMake\\": false,\\n      \\"locationX\\": -1.2,\\n      \\"locationY\\": 1.2\\n   },\\n   {\\n      \\"isMake\\": true,\\n      \\"locationX\\": -1.7,\\n      \\"locationY\\": 1.2\\n   },\\n   {\\n      \\"isMake\\": true,\\n      \\"locationX\\": -0.9,\\n      \\"locationY\\": 1.2\\n   },\\n   {\\n      \\"isMake\\": false,\\n      \\"locationX\\": 0.9,\\n      \\"locationY\\": 2.8\\n   },\\n   {\\n      \\"isMake\\": true,\\n      \\"locationX\\": -1.1,\\n      \\"locationY\\": 7.7\\n   }\\n]"	4	18
78	t	35	17	6	1	10	1	2	2	0	0	0	1	4	7	3	5	"[\\n   {\\n      \\"isMake\\": false,\\n      \\"locationX\\": -0.4,\\n      \\"locationY\\": 8.3\\n   },\\n   {\\n      \\"isMake\\": false,\\n      \\"locationX\\": 18.5,\\n      \\"locationY\\": 16.8\\n   },\\n   {\\n      \\"isMake\\": true,\\n      \\"locationX\\": 19.0,\\n      \\"locationY\\": 18.9\\n   },\\n   {\\n      \\"isMake\\": true,\\n      \\"locationX\\": -23.2,\\n      \\"locationY\\": 9.9\\n   },\\n   {\\n      \\"isMake\\": false,\\n      \\"locationX\\": -21.8,\\n      \\"locationY\\": 11.9\\n   },\\n   {\\n      \\"isMake\\": true,\\n      \\"locationX\\": -16.3,\\n      \\"locationY\\": 21.9\\n   },\\n   {\\n      \\"isMake\\": true,\\n      \\"locationX\\": 0.4,\\n      \\"locationY\\": 1.0\\n   },\\n   {\\n      \\"isMake\\": true,\\n      \\"locationX\\": 0.6,\\n      \\"locationY\\": 0.2\\n   },\\n   {\\n      \\"isMake\\": false,\\n      \\"locationX\\": -0.7,\\n      \\"locationY\\": 2.9\\n   },\\n   {\\n      \\"isMake\\": false,\\n      \\"locationX\\": -2.0,\\n      \\"locationY\\": 0.1\\n   },\\n   {\\n      \\"isMake\\": true,\\n      \\"locationX\\": 4.8,\\n      \\"locationY\\": 5.0\\n   },\\n   {\\n      \\"isMake\\": true,\\n      \\"locationX\\": 7.4,\\n      \\"locationY\\": 5.7\\n   }\\n]"	4	26
79	t	37	23	4	1	4	2	0	1	1	0	3	3	7	12	2	2	"[\\n   {\\n      \\"isMake\\": false,\\n      \\"locationX\\": 0.9,\\n      \\"locationY\\": -0.2\\n   },\\n   {\\n      \\"isMake\\": false,\\n      \\"locationX\\": 0.0,\\n      \\"locationY\\": 1.0\\n   },\\n   {\\n      \\"isMake\\": false,\\n      \\"locationX\\": 8.0,\\n      \\"locationY\\": 12.4\\n   },\\n   {\\n      \\"isMake\\": true,\\n      \\"locationX\\": -16.2,\\n      \\"locationY\\": 20.1\\n   },\\n   {\\n      \\"isMake\\": true,\\n      \\"locationX\\": -14.7,\\n      \\"locationY\\": 23.9\\n   },\\n   {\\n      \\"isMake\\": true,\\n      \\"locationX\\": -0.5,\\n      \\"locationY\\": 0.8\\n   },\\n   {\\n      \\"isMake\\": true,\\n      \\"locationX\\": 0.4,\\n      \\"locationY\\": 1.5\\n   },\\n   {\\n      \\"isMake\\": true,\\n      \\"locationX\\": 0.6,\\n      \\"locationY\\": 0.4\\n   },\\n   {\\n      \\"isMake\\": true,\\n      \\"locationX\\": 0.0,\\n      \\"locationY\\": 1.2\\n   },\\n   {\\n      \\"isMake\\": false,\\n      \\"locationX\\": -0.2,\\n      \\"locationY\\": 2.2\\n   },\\n   {\\n      \\"isMake\\": true,\\n      \\"locationX\\": -0.6,\\n      \\"locationY\\": 0.9\\n   },\\n   {\\n      \\"isMake\\": true,\\n      \\"locationX\\": -1.2,\\n      \\"locationY\\": 5.4\\n   },\\n   {\\n      \\"isMake\\": false,\\n      \\"locationX\\": -1.7,\\n      \\"locationY\\": 5.9\\n   },\\n   {\\n      \\"isMake\\": true,\\n      \\"locationX\\": -19.9,\\n      \\"locationY\\": -2.2\\n   }\\n]"	4	29
80	t	26	7	2	2	4	0	0	1	3	0	1	2	3	5	0	3	"[\\n   {\\n      \\"isMake\\": true,\\n      \\"locationX\\": 0.0,\\n      \\"locationY\\": 0.0\\n   },\\n   {\\n      \\"isMake\\": false,\\n      \\"locationX\\": 12.1,\\n      \\"locationY\\": 22.2\\n   },\\n   {\\n      \\"isMake\\": false,\\n      \\"locationX\\": 20.2,\\n      \\"locationY\\": 15.8\\n   },\\n   {\\n      \\"isMake\\": false,\\n      \\"locationX\\": 14.5,\\n      \\"locationY\\": 21.0\\n   },\\n   {\\n      \\"isMake\\": true,\\n      \\"locationX\\": -7.1,\\n      \\"locationY\\": 8.8\\n   },\\n   {\\n      \\"isMake\\": false,\\n      \\"locationX\\": 2.2,\\n      \\"locationY\\": 0.1\\n   },\\n   {\\n      \\"isMake\\": false,\\n      \\"locationX\\": 0.7,\\n      \\"locationY\\": 1.4\\n   },\\n   {\\n      \\"isMake\\": true,\\n      \\"locationX\\": -0.2,\\n      \\"locationY\\": 0.6\\n   }\\n]"	4	30
81	t	28	6	1	3	3	2	0	2	4	0	2	2	2	8	0	6	"[\\n   {\\n      \\"isMake\\": false,\\n      \\"locationX\\": 0.0,\\n      \\"locationY\\": 0.0\\n   },\\n   {\\n      \\"isMake\\": false,\\n      \\"locationX\\": -2.7,\\n      \\"locationY\\": 1.0\\n   },\\n   {\\n      \\"isMake\\": true,\\n      \\"locationX\\": -0.1,\\n      \\"locationY\\": 0.1\\n   },\\n   {\\n      \\"isMake\\": false,\\n      \\"locationX\\": 12.3,\\n      \\"locationY\\": 25.9\\n   },\\n   {\\n      \\"isMake\\": false,\\n      \\"locationX\\": 10.4,\\n      \\"locationY\\": 26.0\\n   },\\n   {\\n      \\"isMake\\": false,\\n      \\"locationX\\": 9.9,\\n      \\"locationY\\": 24.1\\n   },\\n   {\\n      \\"isMake\\": false,\\n      \\"locationX\\": 1.3,\\n      \\"locationY\\": 8.9\\n   },\\n   {\\n      \\"isMake\\": false,\\n      \\"locationX\\": 0.1,\\n      \\"locationY\\": 8.7\\n   },\\n   {\\n      \\"isMake\\": false,\\n      \\"locationX\\": -16.3,\\n      \\"locationY\\": 21.5\\n   },\\n   {\\n      \\"isMake\\": false,\\n      \\"locationX\\": 23.4,\\n      \\"locationY\\": 5.1\\n   },\\n   {\\n      \\"isMake\\": true,\\n      \\"locationX\\": -1.3,\\n      \\"locationY\\": -0.1\\n   },\\n   {\\n      \\"isMake\\": false,\\n      \\"locationX\\": 2.3,\\n      \\"locationY\\": 4.0\\n   },\\n   {\\n      \\"isMake\\": false,\\n      \\"locationX\\": -4.0,\\n      \\"locationY\\": 0.1\\n   },\\n   {\\n      \\"isMake\\": false,\\n      \\"locationX\\": -22.8,\\n      \\"locationY\\": 0.4\\n   }\\n]"	4	20
\.


--
-- Data for Name: app_players; Type: TABLE DATA; Schema: app; Owner: okcapplicant
--

COPY app.app_players (id, name) FROM stdin;
1	Michael Jordan
2	Tweety
3	Bugs Bunny
4	Daffy Duck
5	Sniffles
6	Yosemite Sam
7	Road Runner
8	Porky Pig
9	Sylvester
10	Lola Bunny
11	Wile E. Coyote
12	Bill Murray
13	Barnyard Dawg
14	Tasmanian Devil
15	Foghorn Leghorn
16	Elmer Fudd
17	Monstar 1
18	Monstar 2
19	Monstar 3
20	Monstar 4
21	Monstar 5
22	Monstar 6
23	Monstar 7
24	Monstar 8
25	Monstar 9
26	Monstar 10
27	Monstar 11
28	Monstar 12
29	Monstar 13
30	Monstar 14
31	Monstar 15
\.


--
-- Data for Name: app_teams; Type: TABLE DATA; Schema: app; Owner: okcapplicant
--

COPY app.app_teams (id, name) FROM stdin;
1	Tune Squad
2	Monstars
\.


--
-- Data for Name: auth_group; Type: TABLE DATA; Schema: app; Owner: okcapplicant
--

COPY app.auth_group (id, name) FROM stdin;
\.


--
-- Data for Name: auth_group_permissions; Type: TABLE DATA; Schema: app; Owner: okcapplicant
--

COPY app.auth_group_permissions (id, group_id, permission_id) FROM stdin;
\.


--
-- Data for Name: auth_permission; Type: TABLE DATA; Schema: app; Owner: okcapplicant
--

COPY app.auth_permission (id, name, content_type_id, codename) FROM stdin;
1	Can add log entry	1	add_logentry
2	Can change log entry	1	change_logentry
3	Can delete log entry	1	delete_logentry
4	Can view log entry	1	view_logentry
5	Can add permission	2	add_permission
6	Can change permission	2	change_permission
7	Can delete permission	2	delete_permission
8	Can view permission	2	view_permission
9	Can add group	3	add_group
10	Can change group	3	change_group
11	Can delete group	3	delete_group
12	Can view group	3	view_group
13	Can add user	4	add_user
14	Can change user	4	change_user
15	Can delete user	4	delete_user
16	Can view user	4	view_user
17	Can add content type	5	add_contenttype
18	Can change content type	5	change_contenttype
19	Can delete content type	5	delete_contenttype
20	Can view content type	5	view_contenttype
21	Can add session	6	add_session
22	Can change session	6	change_session
23	Can delete session	6	delete_session
24	Can view session	6	view_session
25	Can add players	7	add_players
26	Can change players	7	change_players
27	Can delete players	7	delete_players
28	Can view players	7	view_players
29	Can add teams	8	add_teams
30	Can change teams	8	change_teams
31	Can delete teams	8	delete_teams
32	Can view teams	8	view_teams
33	Can add games	9	add_games
34	Can change games	9	change_games
35	Can delete games	9	delete_games
36	Can view games	9	view_games
37	Can add player games	10	add_playergames
38	Can change player games	10	change_playergames
39	Can delete player games	10	delete_playergames
40	Can view player games	10	view_playergames
\.


--
-- Data for Name: auth_user; Type: TABLE DATA; Schema: app; Owner: okcapplicant
--

COPY app.auth_user (id, password, last_login, is_superuser, username, first_name, last_name, email, is_staff, is_active, date_joined) FROM stdin;
\.


--
-- Data for Name: auth_user_groups; Type: TABLE DATA; Schema: app; Owner: okcapplicant
--

COPY app.auth_user_groups (id, user_id, group_id) FROM stdin;
\.


--
-- Data for Name: auth_user_user_permissions; Type: TABLE DATA; Schema: app; Owner: okcapplicant
--

COPY app.auth_user_user_permissions (id, user_id, permission_id) FROM stdin;
\.


--
-- Data for Name: django_admin_log; Type: TABLE DATA; Schema: app; Owner: okcapplicant
--

COPY app.django_admin_log (id, action_time, object_id, object_repr, action_flag, change_message, content_type_id, user_id) FROM stdin;
\.


--
-- Data for Name: django_content_type; Type: TABLE DATA; Schema: app; Owner: okcapplicant
--

COPY app.django_content_type (id, app_label, model) FROM stdin;
1	admin	logentry
2	auth	permission
3	auth	group
4	auth	user
5	contenttypes	contenttype
6	sessions	session
7	app	players
8	app	teams
9	app	games
10	app	playergames
\.


--
-- Data for Name: django_migrations; Type: TABLE DATA; Schema: app; Owner: okcapplicant
--

COPY app.django_migrations (id, app, name, applied) FROM stdin;
1	contenttypes	0001_initial	2023-08-20 17:02:58.867428-05
2	auth	0001_initial	2023-08-20 17:02:58.917051-05
3	admin	0001_initial	2023-08-20 17:02:58.927429-05
4	admin	0002_logentry_remove_auto_add	2023-08-20 17:02:58.932178-05
5	admin	0003_logentry_add_action_flag_choices	2023-08-20 17:02:58.936819-05
6	app	0001_initial	2023-08-20 17:02:58.94175-05
7	contenttypes	0002_remove_content_type_name	2023-08-20 17:02:58.952136-05
8	auth	0002_alter_permission_name_max_length	2023-08-20 17:02:58.957236-05
9	auth	0003_alter_user_email_max_length	2023-08-20 17:02:58.963377-05
10	auth	0004_alter_user_username_opts	2023-08-20 17:02:58.967993-05
11	auth	0005_alter_user_last_login_null	2023-08-20 17:02:58.973101-05
12	auth	0006_require_contenttypes_0002	2023-08-20 17:02:58.975271-05
13	auth	0007_alter_validators_add_error_messages	2023-08-20 17:02:58.979833-05
14	auth	0008_alter_user_username_max_length	2023-08-20 17:02:58.987315-05
15	auth	0009_alter_user_last_name_max_length	2023-08-20 17:02:58.992444-05
16	auth	0010_alter_group_name_max_length	2023-08-20 17:02:58.99843-05
17	auth	0011_update_proxy_permissions	2023-08-20 17:02:59.003909-05
18	auth	0012_alter_user_first_name_max_length	2023-08-20 17:02:59.011137-05
19	sessions	0001_initial	2023-08-20 17:02:59.021754-05
20	app	0002_games_teams_playergames_games_awayteamid_and_more	2023-08-21 18:49:12.440531-05
21	app	0003_alter_games_awayteamid_alter_games_hometeamid	2023-08-22 23:56:57.126745-05
\.


--
-- Data for Name: django_session; Type: TABLE DATA; Schema: app; Owner: okcapplicant
--

COPY app.django_session (session_key, session_data, expire_date) FROM stdin;
\.


--
-- Name: app_games_id_seq; Type: SEQUENCE SET; Schema: app; Owner: okcapplicant
--

SELECT pg_catalog.setval('app.app_games_id_seq', 1, false);


--
-- Name: app_playergames_id_seq; Type: SEQUENCE SET; Schema: app; Owner: okcapplicant
--

SELECT pg_catalog.setval('app.app_playergames_id_seq', 81, true);


--
-- Name: app_players_id_seq; Type: SEQUENCE SET; Schema: app; Owner: okcapplicant
--

SELECT pg_catalog.setval('app.app_players_id_seq', 1, false);


--
-- Name: app_teams_id_seq; Type: SEQUENCE SET; Schema: app; Owner: okcapplicant
--

SELECT pg_catalog.setval('app.app_teams_id_seq', 1, false);


--
-- Name: auth_group_id_seq; Type: SEQUENCE SET; Schema: app; Owner: okcapplicant
--

SELECT pg_catalog.setval('app.auth_group_id_seq', 1, false);


--
-- Name: auth_group_permissions_id_seq; Type: SEQUENCE SET; Schema: app; Owner: okcapplicant
--

SELECT pg_catalog.setval('app.auth_group_permissions_id_seq', 1, false);


--
-- Name: auth_permission_id_seq; Type: SEQUENCE SET; Schema: app; Owner: okcapplicant
--

SELECT pg_catalog.setval('app.auth_permission_id_seq', 40, true);


--
-- Name: auth_user_groups_id_seq; Type: SEQUENCE SET; Schema: app; Owner: okcapplicant
--

SELECT pg_catalog.setval('app.auth_user_groups_id_seq', 1, false);


--
-- Name: auth_user_id_seq; Type: SEQUENCE SET; Schema: app; Owner: okcapplicant
--

SELECT pg_catalog.setval('app.auth_user_id_seq', 1, false);


--
-- Name: auth_user_user_permissions_id_seq; Type: SEQUENCE SET; Schema: app; Owner: okcapplicant
--

SELECT pg_catalog.setval('app.auth_user_user_permissions_id_seq', 1, false);


--
-- Name: django_admin_log_id_seq; Type: SEQUENCE SET; Schema: app; Owner: okcapplicant
--

SELECT pg_catalog.setval('app.django_admin_log_id_seq', 1, false);


--
-- Name: django_content_type_id_seq; Type: SEQUENCE SET; Schema: app; Owner: okcapplicant
--

SELECT pg_catalog.setval('app.django_content_type_id_seq', 10, true);


--
-- Name: django_migrations_id_seq; Type: SEQUENCE SET; Schema: app; Owner: okcapplicant
--

SELECT pg_catalog.setval('app.django_migrations_id_seq', 21, true);


--
-- Name: app_games app_games_pkey; Type: CONSTRAINT; Schema: app; Owner: okcapplicant
--

ALTER TABLE ONLY app.app_games
    ADD CONSTRAINT app_games_pkey PRIMARY KEY (id);


--
-- Name: app_playergames app_playergames_pkey; Type: CONSTRAINT; Schema: app; Owner: okcapplicant
--

ALTER TABLE ONLY app.app_playergames
    ADD CONSTRAINT app_playergames_pkey PRIMARY KEY (id);


--
-- Name: app_players app_players_pkey; Type: CONSTRAINT; Schema: app; Owner: okcapplicant
--

ALTER TABLE ONLY app.app_players
    ADD CONSTRAINT app_players_pkey PRIMARY KEY (id);


--
-- Name: app_teams app_teams_pkey; Type: CONSTRAINT; Schema: app; Owner: okcapplicant
--

ALTER TABLE ONLY app.app_teams
    ADD CONSTRAINT app_teams_pkey PRIMARY KEY (id);


--
-- Name: auth_group auth_group_name_key; Type: CONSTRAINT; Schema: app; Owner: okcapplicant
--

ALTER TABLE ONLY app.auth_group
    ADD CONSTRAINT auth_group_name_key UNIQUE (name);


--
-- Name: auth_group_permissions auth_group_permissions_group_id_permission_id_0cd325b0_uniq; Type: CONSTRAINT; Schema: app; Owner: okcapplicant
--

ALTER TABLE ONLY app.auth_group_permissions
    ADD CONSTRAINT auth_group_permissions_group_id_permission_id_0cd325b0_uniq UNIQUE (group_id, permission_id);


--
-- Name: auth_group_permissions auth_group_permissions_pkey; Type: CONSTRAINT; Schema: app; Owner: okcapplicant
--

ALTER TABLE ONLY app.auth_group_permissions
    ADD CONSTRAINT auth_group_permissions_pkey PRIMARY KEY (id);


--
-- Name: auth_group auth_group_pkey; Type: CONSTRAINT; Schema: app; Owner: okcapplicant
--

ALTER TABLE ONLY app.auth_group
    ADD CONSTRAINT auth_group_pkey PRIMARY KEY (id);


--
-- Name: auth_permission auth_permission_content_type_id_codename_01ab375a_uniq; Type: CONSTRAINT; Schema: app; Owner: okcapplicant
--

ALTER TABLE ONLY app.auth_permission
    ADD CONSTRAINT auth_permission_content_type_id_codename_01ab375a_uniq UNIQUE (content_type_id, codename);


--
-- Name: auth_permission auth_permission_pkey; Type: CONSTRAINT; Schema: app; Owner: okcapplicant
--

ALTER TABLE ONLY app.auth_permission
    ADD CONSTRAINT auth_permission_pkey PRIMARY KEY (id);


--
-- Name: auth_user_groups auth_user_groups_pkey; Type: CONSTRAINT; Schema: app; Owner: okcapplicant
--

ALTER TABLE ONLY app.auth_user_groups
    ADD CONSTRAINT auth_user_groups_pkey PRIMARY KEY (id);


--
-- Name: auth_user_groups auth_user_groups_user_id_group_id_94350c0c_uniq; Type: CONSTRAINT; Schema: app; Owner: okcapplicant
--

ALTER TABLE ONLY app.auth_user_groups
    ADD CONSTRAINT auth_user_groups_user_id_group_id_94350c0c_uniq UNIQUE (user_id, group_id);


--
-- Name: auth_user auth_user_pkey; Type: CONSTRAINT; Schema: app; Owner: okcapplicant
--

ALTER TABLE ONLY app.auth_user
    ADD CONSTRAINT auth_user_pkey PRIMARY KEY (id);


--
-- Name: auth_user_user_permissions auth_user_user_permissions_pkey; Type: CONSTRAINT; Schema: app; Owner: okcapplicant
--

ALTER TABLE ONLY app.auth_user_user_permissions
    ADD CONSTRAINT auth_user_user_permissions_pkey PRIMARY KEY (id);


--
-- Name: auth_user_user_permissions auth_user_user_permissions_user_id_permission_id_14a6b632_uniq; Type: CONSTRAINT; Schema: app; Owner: okcapplicant
--

ALTER TABLE ONLY app.auth_user_user_permissions
    ADD CONSTRAINT auth_user_user_permissions_user_id_permission_id_14a6b632_uniq UNIQUE (user_id, permission_id);


--
-- Name: auth_user auth_user_username_key; Type: CONSTRAINT; Schema: app; Owner: okcapplicant
--

ALTER TABLE ONLY app.auth_user
    ADD CONSTRAINT auth_user_username_key UNIQUE (username);


--
-- Name: django_admin_log django_admin_log_pkey; Type: CONSTRAINT; Schema: app; Owner: okcapplicant
--

ALTER TABLE ONLY app.django_admin_log
    ADD CONSTRAINT django_admin_log_pkey PRIMARY KEY (id);


--
-- Name: django_content_type django_content_type_app_label_model_76bd3d3b_uniq; Type: CONSTRAINT; Schema: app; Owner: okcapplicant
--

ALTER TABLE ONLY app.django_content_type
    ADD CONSTRAINT django_content_type_app_label_model_76bd3d3b_uniq UNIQUE (app_label, model);


--
-- Name: django_content_type django_content_type_pkey; Type: CONSTRAINT; Schema: app; Owner: okcapplicant
--

ALTER TABLE ONLY app.django_content_type
    ADD CONSTRAINT django_content_type_pkey PRIMARY KEY (id);


--
-- Name: django_migrations django_migrations_pkey; Type: CONSTRAINT; Schema: app; Owner: okcapplicant
--

ALTER TABLE ONLY app.django_migrations
    ADD CONSTRAINT django_migrations_pkey PRIMARY KEY (id);


--
-- Name: django_session django_session_pkey; Type: CONSTRAINT; Schema: app; Owner: okcapplicant
--

ALTER TABLE ONLY app.django_session
    ADD CONSTRAINT django_session_pkey PRIMARY KEY (session_key);


--
-- Name: app_games_awayTeamID_id_73f4ca30; Type: INDEX; Schema: app; Owner: okcapplicant
--

CREATE INDEX "app_games_awayTeamID_id_73f4ca30" ON app.app_games USING btree ("awayTeamID_id");


--
-- Name: app_games_homeTeamID_id_86e61987; Type: INDEX; Schema: app; Owner: okcapplicant
--

CREATE INDEX "app_games_homeTeamID_id_86e61987" ON app.app_games USING btree ("homeTeamID_id");


--
-- Name: app_playergames_game_id_id_fb6e63e1; Type: INDEX; Schema: app; Owner: okcapplicant
--

CREATE INDEX app_playergames_game_id_id_fb6e63e1 ON app.app_playergames USING btree (game_id_id);


--
-- Name: app_playergames_player_id_id_b1a83822; Type: INDEX; Schema: app; Owner: okcapplicant
--

CREATE INDEX app_playergames_player_id_id_b1a83822 ON app.app_playergames USING btree (player_id_id);


--
-- Name: auth_group_name_a6ea08ec_like; Type: INDEX; Schema: app; Owner: okcapplicant
--

CREATE INDEX auth_group_name_a6ea08ec_like ON app.auth_group USING btree (name varchar_pattern_ops);


--
-- Name: auth_group_permissions_group_id_b120cbf9; Type: INDEX; Schema: app; Owner: okcapplicant
--

CREATE INDEX auth_group_permissions_group_id_b120cbf9 ON app.auth_group_permissions USING btree (group_id);


--
-- Name: auth_group_permissions_permission_id_84c5c92e; Type: INDEX; Schema: app; Owner: okcapplicant
--

CREATE INDEX auth_group_permissions_permission_id_84c5c92e ON app.auth_group_permissions USING btree (permission_id);


--
-- Name: auth_permission_content_type_id_2f476e4b; Type: INDEX; Schema: app; Owner: okcapplicant
--

CREATE INDEX auth_permission_content_type_id_2f476e4b ON app.auth_permission USING btree (content_type_id);


--
-- Name: auth_user_groups_group_id_97559544; Type: INDEX; Schema: app; Owner: okcapplicant
--

CREATE INDEX auth_user_groups_group_id_97559544 ON app.auth_user_groups USING btree (group_id);


--
-- Name: auth_user_groups_user_id_6a12ed8b; Type: INDEX; Schema: app; Owner: okcapplicant
--

CREATE INDEX auth_user_groups_user_id_6a12ed8b ON app.auth_user_groups USING btree (user_id);


--
-- Name: auth_user_user_permissions_permission_id_1fbb5f2c; Type: INDEX; Schema: app; Owner: okcapplicant
--

CREATE INDEX auth_user_user_permissions_permission_id_1fbb5f2c ON app.auth_user_user_permissions USING btree (permission_id);


--
-- Name: auth_user_user_permissions_user_id_a95ead1b; Type: INDEX; Schema: app; Owner: okcapplicant
--

CREATE INDEX auth_user_user_permissions_user_id_a95ead1b ON app.auth_user_user_permissions USING btree (user_id);


--
-- Name: auth_user_username_6821ab7c_like; Type: INDEX; Schema: app; Owner: okcapplicant
--

CREATE INDEX auth_user_username_6821ab7c_like ON app.auth_user USING btree (username varchar_pattern_ops);


--
-- Name: django_admin_log_content_type_id_c4bce8eb; Type: INDEX; Schema: app; Owner: okcapplicant
--

CREATE INDEX django_admin_log_content_type_id_c4bce8eb ON app.django_admin_log USING btree (content_type_id);


--
-- Name: django_admin_log_user_id_c564eba6; Type: INDEX; Schema: app; Owner: okcapplicant
--

CREATE INDEX django_admin_log_user_id_c564eba6 ON app.django_admin_log USING btree (user_id);


--
-- Name: django_session_expire_date_a5c62663; Type: INDEX; Schema: app; Owner: okcapplicant
--

CREATE INDEX django_session_expire_date_a5c62663 ON app.django_session USING btree (expire_date);


--
-- Name: django_session_session_key_c0390e0f_like; Type: INDEX; Schema: app; Owner: okcapplicant
--

CREATE INDEX django_session_session_key_c0390e0f_like ON app.django_session USING btree (session_key varchar_pattern_ops);


--
-- Name: app_games app_games_awayTeamID_id_73f4ca30_fk_app_teams_id; Type: FK CONSTRAINT; Schema: app; Owner: okcapplicant
--

ALTER TABLE ONLY app.app_games
    ADD CONSTRAINT "app_games_awayTeamID_id_73f4ca30_fk_app_teams_id" FOREIGN KEY ("awayTeamID_id") REFERENCES app.app_teams(id) DEFERRABLE INITIALLY DEFERRED;


--
-- Name: app_games app_games_homeTeamID_id_86e61987_fk_app_teams_id; Type: FK CONSTRAINT; Schema: app; Owner: okcapplicant
--

ALTER TABLE ONLY app.app_games
    ADD CONSTRAINT "app_games_homeTeamID_id_86e61987_fk_app_teams_id" FOREIGN KEY ("homeTeamID_id") REFERENCES app.app_teams(id) DEFERRABLE INITIALLY DEFERRED;


--
-- Name: app_playergames app_playergames_game_id_id_fb6e63e1_fk_app_games_id; Type: FK CONSTRAINT; Schema: app; Owner: okcapplicant
--

ALTER TABLE ONLY app.app_playergames
    ADD CONSTRAINT app_playergames_game_id_id_fb6e63e1_fk_app_games_id FOREIGN KEY (game_id_id) REFERENCES app.app_games(id) DEFERRABLE INITIALLY DEFERRED;


--
-- Name: app_playergames app_playergames_player_id_id_b1a83822_fk_app_players_id; Type: FK CONSTRAINT; Schema: app; Owner: okcapplicant
--

ALTER TABLE ONLY app.app_playergames
    ADD CONSTRAINT app_playergames_player_id_id_b1a83822_fk_app_players_id FOREIGN KEY (player_id_id) REFERENCES app.app_players(id) DEFERRABLE INITIALLY DEFERRED;


--
-- Name: auth_group_permissions auth_group_permissio_permission_id_84c5c92e_fk_auth_perm; Type: FK CONSTRAINT; Schema: app; Owner: okcapplicant
--

ALTER TABLE ONLY app.auth_group_permissions
    ADD CONSTRAINT auth_group_permissio_permission_id_84c5c92e_fk_auth_perm FOREIGN KEY (permission_id) REFERENCES app.auth_permission(id) DEFERRABLE INITIALLY DEFERRED;


--
-- Name: auth_group_permissions auth_group_permissions_group_id_b120cbf9_fk_auth_group_id; Type: FK CONSTRAINT; Schema: app; Owner: okcapplicant
--

ALTER TABLE ONLY app.auth_group_permissions
    ADD CONSTRAINT auth_group_permissions_group_id_b120cbf9_fk_auth_group_id FOREIGN KEY (group_id) REFERENCES app.auth_group(id) DEFERRABLE INITIALLY DEFERRED;


--
-- Name: auth_permission auth_permission_content_type_id_2f476e4b_fk_django_co; Type: FK CONSTRAINT; Schema: app; Owner: okcapplicant
--

ALTER TABLE ONLY app.auth_permission
    ADD CONSTRAINT auth_permission_content_type_id_2f476e4b_fk_django_co FOREIGN KEY (content_type_id) REFERENCES app.django_content_type(id) DEFERRABLE INITIALLY DEFERRED;


--
-- Name: auth_user_groups auth_user_groups_group_id_97559544_fk_auth_group_id; Type: FK CONSTRAINT; Schema: app; Owner: okcapplicant
--

ALTER TABLE ONLY app.auth_user_groups
    ADD CONSTRAINT auth_user_groups_group_id_97559544_fk_auth_group_id FOREIGN KEY (group_id) REFERENCES app.auth_group(id) DEFERRABLE INITIALLY DEFERRED;


--
-- Name: auth_user_groups auth_user_groups_user_id_6a12ed8b_fk_auth_user_id; Type: FK CONSTRAINT; Schema: app; Owner: okcapplicant
--

ALTER TABLE ONLY app.auth_user_groups
    ADD CONSTRAINT auth_user_groups_user_id_6a12ed8b_fk_auth_user_id FOREIGN KEY (user_id) REFERENCES app.auth_user(id) DEFERRABLE INITIALLY DEFERRED;


--
-- Name: auth_user_user_permissions auth_user_user_permi_permission_id_1fbb5f2c_fk_auth_perm; Type: FK CONSTRAINT; Schema: app; Owner: okcapplicant
--

ALTER TABLE ONLY app.auth_user_user_permissions
    ADD CONSTRAINT auth_user_user_permi_permission_id_1fbb5f2c_fk_auth_perm FOREIGN KEY (permission_id) REFERENCES app.auth_permission(id) DEFERRABLE INITIALLY DEFERRED;


--
-- Name: auth_user_user_permissions auth_user_user_permissions_user_id_a95ead1b_fk_auth_user_id; Type: FK CONSTRAINT; Schema: app; Owner: okcapplicant
--

ALTER TABLE ONLY app.auth_user_user_permissions
    ADD CONSTRAINT auth_user_user_permissions_user_id_a95ead1b_fk_auth_user_id FOREIGN KEY (user_id) REFERENCES app.auth_user(id) DEFERRABLE INITIALLY DEFERRED;


--
-- Name: django_admin_log django_admin_log_content_type_id_c4bce8eb_fk_django_co; Type: FK CONSTRAINT; Schema: app; Owner: okcapplicant
--

ALTER TABLE ONLY app.django_admin_log
    ADD CONSTRAINT django_admin_log_content_type_id_c4bce8eb_fk_django_co FOREIGN KEY (content_type_id) REFERENCES app.django_content_type(id) DEFERRABLE INITIALLY DEFERRED;


--
-- Name: django_admin_log django_admin_log_user_id_c564eba6_fk_auth_user_id; Type: FK CONSTRAINT; Schema: app; Owner: okcapplicant
--

ALTER TABLE ONLY app.django_admin_log
    ADD CONSTRAINT django_admin_log_user_id_c564eba6_fk_auth_user_id FOREIGN KEY (user_id) REFERENCES app.auth_user(id) DEFERRABLE INITIALLY DEFERRED;


--
-- Name: SCHEMA app; Type: ACL; Schema: -; Owner: abemankavil
--

GRANT ALL ON SCHEMA app TO okcapplicant;


--
-- PostgreSQL database dump complete
--

